Datetime,Open,High,Low,Close,Volume,body_mid,momentum,return_1,avg_volume,volume_spike,volatility,directional_volume,target
2026-02-20 12:30:00+05:30,173.06,173.58,172.96,173.13,24317,173.1,0.04,0.000231094,39517.8,0.615342959,0.002936748,24317,0
2026-02-20 13:00:00+05:30,173.07,173.12,172.37,172.89,58584,172.98,-0.24,-0.001386242,40128.5,1.459910039,0.00270745,-58584,0
2026-02-20 13:30:00+05:30,172.92,173.11,172.62,172.8,11212,172.86,-0.09,-0.000520562,39784.2,0.281820421,0.00269606,-11212,0
2026-02-20 14:00:00+05:30,172.81,173.29,172.32,172.8,30020,172.8,0,0,40139.2,0.747897317,0.002689216,-30020,1
2026-02-20 14:30:00+05:30,172.6,173.14,172.6,173.1,22616,172.85,0.3,0.001736111,40598.95,0.557058742,0.002696498,22616,0
2026-02-20 15:00:00+05:30,173.1,173.1,171.38,172.29,116288,172.7,-0.81,-0.004679376,43091.65,2.698620266,0.002821885,-116288,0
2026-02-23 09:00:00+05:30,172.79,174.38,172.79,173.95,35346,173.37,1.66,0.009634918,43316.75,0.815989196,0.003634104,35346,0
2026-02-23 09:30:00+05:30,173.88,174,172.73,172.86,32190,173.37,-1.09,-0.006266168,44149.85,0.7291078,0.003847303,-32190,0
2026-02-23 10:00:00+05:30,172.95,173.93,172.1,173.88,52406,173.42,1.02,0.005900729,45767.25,1.145054597,0.004075118,52406,0
2026-02-23 10:30:00+05:30,173.75,173.9,172.5,173.1,28482,173.42,-0.78,-0.004485852,46485.1,0.612712461,0.004192502,-28482,0
2026-02-23 11:00:00+05:30,172.98,172.98,172.5,172.7,3421,172.84,-0.4,-0.002310803,46036.75,0.074310198,0.004198275,-3421,0
2026-02-23 11:30:00+05:30,172.64,172.69,172.1,172.33,11163,172.48,-0.37,-0.002142444,45294.3,0.246454852,0.004218256,-11163,0
2026-02-23 12:00:00+05:30,172.25,172.59,172.12,172.24,14304,172.24,-0.09,-0.000522254,40766.05,0.350880205,0.004217348,-14304,0
2026-02-23 12:30:00+05:30,172.33,172.87,172.16,172.82,38110,172.58,0.58,0.003367394,39633.5,0.961560296,0.003651903,38110,0
2026-02-23 13:00:00+05:30,172.86,172.87,172.39,172.6,23121,172.73,-0.22,-0.001273001,32017.95,0.722126182,0.003638314,-23121,0
2026-02-23 13:30:00+05:30,172.8,173.23,171.91,171.93,25496,172.36,-0.67,-0.003881808,31700.5,0.804277535,0.00370897,-25496,0
2026-02-23 14:00:00+05:30,172.05,172.2,171.6,171.68,23507,171.86,-0.25,-0.00145408,31443.95,0.747584193,0.003719249,-23507,0
2026-02-23 14:30:00+05:30,171.7,172.25,171.68,171.82,34110,171.76,0.14,0.000815471,30251.3,1.127554849,0.003645896,34110,0
2026-02-23 15:00:00+05:30,172.05,173.02,171.2,172.33,113315,172.19,0.51,0.002968223,35469.7,3.194698574,0.003721432,113315,0
2026-02-24 09:00:00+05:30,172.33,172.44,170.55,170.6,41992,171.46,-1.73,-0.010038879,37000,1.134918919,0.004319839,-41992,1
2026-02-24 09:30:00+05:30,170.68,170.95,170.05,170.73,61886,170.7,0.13,0.000762016,38878.45,1.591781565,0.004327585,61886,1
2026-02-24 10:00:00+05:30,170.89,171.5,170.7,171.11,27557,171,0.38,0.002225737,37327.1,0.738257191,0.004372088,27557,1
2026-02-24 10:30:00+05:30,171.15,171.71,170.72,171.51,23095,171.33,0.4,0.002337678,37921.25,0.609025283,0.004418135,23095,1
2026-02-24 11:00:00+05:30,171.55,171.72,171.15,171.24,15971,171.4,-0.27,-0.001574252,37218.8,0.429111094,0.004425302,-15971,1
2026-02-24 11:30:00+05:30,171.25,171.33,170.5,170.7,20260,170.98,-0.54,-0.003153469,37101,0.546076925,0.004433576,-20260,1
2026-02-24 12:00:00+05:30,170.67,170.71,170.15,170.32,22277,170.5,-0.38,-0.002226128,32400.45,0.687552179,0.004350509,-22277,1
2026-02-24 12:30:00+05:30,170.29,171,169.85,169.99,45474,170.14,-0.33,-0.001937529,32906.85,1.381900729,0.003632756,-45474,1
2026-02-24 13:00:00+05:30,169.99,170.5,169.9,170.36,11815,170.18,0.37,0.002176599,31888.1,0.370514393,0.003494169,11815,1
2026-02-24 13:30:00+05:30,170.33,170.8,170.01,170.7,16984,170.52,0.34,0.001995774,30117,0.563933991,0.003201445,16984,1
2026-02-24 14:00:00+05:30,170.7,170.87,170.52,170.82,10132,170.76,0.12,0.000702988,29199.5,0.346992243,0.00310588,10132,1
2026-02-24 14:30:00+05:30,170.77,171.27,170.7,171.19,25369,170.98,0.37,0.002166023,30296.9,0.837346395,0.00314162,25369,1
2026-02-24 15:00:00+05:30,171.23,171.64,170.7,171.29,55570,171.26,0.1,0.000584146,32517.25,1.708939102,0.003122697,55570,1
2026-02-25 09:00:00+05:30,171.83,174.45,171.83,173.5,39533,172.67,2.21,0.012902096,33778.7,1.170352915,0.00429476,39533,0
2026-02-25 09:30:00+05:30,173.51,173.67,171.5,172.22,49667,172.86,-1.28,-0.007377522,34356.55,1.445634093,0.004564111,-49667,0
2026-02-25 10:00:00+05:30,172.22,172.46,171.5,171.91,84706,172.06,-0.31,-0.001800023,37435.8,2.26270041,0.004572365,-84706,0
2026-02-25 10:30:00+05:30,171.92,172.47,171.51,172.01,28619,171.96,0.1,0.0005817,37591.95,0.76130661,0.004490909,28619,0
2026-02-25 11:00:00+05:30,171.87,172.3,171.82,172.19,18878,172.03,0.18,0.001046451,37360.5,0.505293023,0.004482133,18878,1
2026-02-25 11:30:00+05:30,172.01,172.26,171.75,171.85,11510,171.93,-0.34,-0.001974563,36230.5,0.317688136,0.004503954,-11510,1
2026-02-25 12:00:00+05:30,171.85,171.95,171.63,171.68,8245,171.76,-0.17,-0.000989235,30977,0.266165219,0.004454193,-8245,1
2026-02-25 12:30:00+05:30,171.7,172.8,171.7,171.84,71380,171.77,0.16,0.000931966,32446.4,2.199935894,0.003804203,71380,0
2026-02-25 13:00:00+05:30,171.85,172,171.27,171.3,32480,171.58,-0.54,-0.003142458,30976.1,1.048550334,0.003882356,-32480,1
2026-02-25 13:30:00+05:30,171.39,171.77,171.37,171.75,15934,171.57,0.45,0.00262697,30394.95,0.524231821,0.003894535,15934,0
2026-02-25 14:00:00+05:30,171.75,171.75,171.02,171.43,37194,171.59,-0.32,-0.001863173,31099.9,1.195952399,0.0038861,-37194,0
2026-02-25 14:30:00+05:30,171.53,171.64,171.1,171.29,22201,171.41,-0.14,-0.00081666,31411.4,0.706781614,0.003873786,-22201,0
2026-02-25 15:00:00+05:30,171.51,172,171.22,171.55,115800,171.53,0.26,0.001517894,36188.4,3.199920416,0.003812611,115800,0
2026-02-26 09:00:00+05:30,172.1,172.5,171.2,171.55,17034,171.82,0,0,35926.25,0.474137991,0.003768597,-17034,0
2026-02-26 09:30:00+05:30,171.57,172.69,171.55,172.33,36270,171.95,0.78,0.004546779,35466.05,1.022668157,0.003838222,36270,0
2026-02-26 10:00:00+05:30,172.33,172.53,172.09,172.37,7162,172.35,0.04,0.000232113,35233.4,0.203273031,0.003823203,7162,0
2026-02-26 10:30:00+05:30,172.22,172.22,171.8,172,14847,172.11,-0.37,-0.002146545,35126.55,0.42267174,0.003855309,-14847,0
2026-02-26 11:00:00+05:30,171.8,171.96,171.5,171.71,19751,171.76,-0.29,-0.001686047,35607.5,0.554686513,0.003881904,-19751,0
2026-02-26 11:30:00+05:30,171.71,172.17,171.3,171.64,27209,171.68,-0.07,-0.000407664,35699.5,0.762167537,0.003858225,-27209,0
2026-02-26 12:00:00+05:30,171.64,171.74,171.1,171.2,14268,171.42,-0.44,-0.002563505,33634.4,0.424208548,0.00390302,-14268,0
2026-02-26 12:30:00+05:30,171.27,171.46,171,171.16,21947,171.22,-0.04,-0.000233645,32755.1,0.670033064,0.002448414,-21947,0
2026-02-26 13:00:00+05:30,171.12,171.45,171.01,171.25,10774,171.18,0.09,0.000525824,30810.45,0.349686551,0.001882167,10774,0
2026-02-26 13:30:00+05:30,171.25,171.67,171.11,171.46,8920,171.36,0.21,0.001226277,27021.15,0.330111783,0.001875228,8920,0
2026-02-26 14:00:00+05:30,171.46,171.46,171.1,171.1,6950,171.28,-0.36,-0.002099615,25937.7,0.267949741,0.001917096,-6950,0
2026-02-26 14:30:00+05:30,171.27,171.46,171.05,171.44,7535,171.36,0.34,0.001987142,25370.55,0.296997897,0.00196194,7535,0
2026-02-26 15:00:00+05:30,171.43,171.7,171.1,171.33,79651,171.38,-0.11,-0.000641624,28777.6,2.767812465,0.001921291,-79651,0
2026-02-27 09:00:00+05:30,171.35,171.54,170.13,170.8,33814,171.08,-0.53,-0.003093445,30056.05,1.1250314,0.002024521,-33814,0
2026-02-27 09:30:00+05:30,170.67,171.11,170.5,170.94,26256,170.8,0.14,0.000819672,27799.85,0.944465528,0.002021209,26256,0
2026-02-27 10:00:00+05:30,170.94,170.96,167.99,168.58,346236,169.76,-2.36,-0.013806014,43487.65,7.961708669,0.003606341,-346236,1
2026-02-27 10:30:00+05:30,168.5,169.04,168.5,168.61,48142,168.56,0.03,0.000177957,45098.05,1.067496266,0.003524734,48142,0
2026-02-27 11:00:00+05:30,168.61,169.08,168.5,168.77,26182,168.69,0.16,0.000948935,44547.45,0.587732856,0.003541022,26182,0
2026-02-27 11:30:00+05:30,168.77,169.54,168.52,169.47,20651,169.12,0.7,0.004147657,44469.95,0.464381003,0.003708046,20651,0
2026-02-27 12:00:00+05:30,169.47,169.5,169,169.06,10881,169.26,-0.41,-0.002419307,39224,0.27740669,0.003698247,-10881,0
2026-02-27 12:30:00+05:30,169.18,169.38,168.5,168.98,44490,169.08,-0.08,-0.000473205,40596.8,1.095899184,0.003694882,-44490,0
2026-02-27 13:00:00+05:30,168.98,169.28,168.81,169.28,10795,169.13,0.3,0.001775358,39323.05,0.274520923,0.003534342,10795,0
2026-02-27 13:30:00+05:30,169.28,169.72,169.08,169.64,13132,169.46,0.36,0.002126654,39621.55,0.331435797,0.003590838,13132,0
2026-02-27 14:00:00+05:30,169.65,169.79,169.17,169.3,11959,169.48,-0.34,-0.002004244,39477.15,0.302934736,0.003588152,-11959,0
2026-02-27 14:30:00+05:30,169.33,169.61,169.16,169.43,22658,169.38,0.13,0.000767868,39622.5,0.571846804,0.003597649,22658,0
2026-02-27 15:00:00+05:30,169.55,169.84,168.08,168.83,156556,169.19,-0.6,-0.003541285,46089.85,3.396756553,0.00365379,-156556,0
2026-03-02 09:00:00+05:30,166.16,166.4,164.67,165.31,80791,165.74,-3.52,-0.020849375,49416,1.634915817,0.005781646,-80791,0
2026-03-02 09:30:00+05:30,165.63,166.79,165.24,166.69,301536,166.16,1.38,0.008347952,63395.45,4.756429681,0.006201931,301536,0
2026-03-02 10:00:00+05:30,166.69,166.94,166.3,166.3,177556,166.5,-0.39,-0.002339672,71734.55,2.475181067,0.006190527,-177556,0
2026-03-02 10:30:00+05:30,166.3,166.89,165.61,165.9,39187,166.1,-0.4,-0.002405292,73247.9,0.534991447,0.006161175,-39187,0
2026-03-02 11:00:00+05:30,165.88,165.9,165.11,165.27,74331,165.58,-0.63,-0.003797468,76616.95,0.970163913,0.006179674,-74331,0
2026-03-02 11:30:00+05:30,165.4,165.5,163.19,163.3,115568,164.35,-1.97,-0.011919889,82018.6,1.409046241,0.006514688,-115568,0
2026-03-02 12:00:00+05:30,163.3,164.93,163.13,163.99,211496,163.65,0.69,0.004225352,88610.85,2.386795748,0.006673152,211496,0
2026-03-02 12:30:00+05:30,163.99,164,163.15,163.67,71972,163.83,-0.32,-0.001951338,90518.75,0.795105986,0.00666968,-71972,0
2026-03-02 13:00:00+05:30,163.71,163.72,163.08,163.21,33121,163.46,-0.46,-0.002810533,90862,0.364519821,0.006635105,-33121,0
2026-03-02 13:30:00+05:30,163.21,163.36,162.8,162.85,84514,163.03,-0.36,-0.002205747,77775.9,1.086634806,0.006057305,-84514,0
2026-03-02 14:00:00+05:30,162.88,164.35,162.8,163.68,92894,163.28,0.83,0.005096715,80013.5,1.160979085,0.006235235,92894,0
2026-03-02 14:30:00+05:30,163.68,164.5,163.54,164.5,65234,164.09,0.82,0.005009775,81966.1,0.795865608,0.006382329,65234,0
2026-03-02 15:00:00+05:30,164.6,164.99,164.1,164.94,104544,164.77,0.44,0.002674772,86160.75,1.213359912,0.006324874,104544,0
2026-03-04 09:00:00+05:30,162.26,162.37,159.56,160.06,130635,161.16,-4.88,-0.029586516,92148.45,1.417658137,0.008944758,-130635,0
2026-03-04 09:30:00+05:30,160.15,160.62,158.97,159.5,161371,159.82,-0.56,-0.003498688,97992.5,1.646768885,0.008930814,-161371,0
2026-03-04 10:00:00+05:30,159.51,160.88,159.18,160.7,96978,160.1,1.2,0.007523511,102301.65,0.94796125,0.009176421,96978,0
2026-03-04 10:30:00+05:30,160.73,160.8,159.84,160,37890,160.36,-0.7,-0.004355943,103539.55,0.365947119,0.009116576,-37890,0
2026-03-04 11:00:00+05:30,160.04,161,160.04,160.1,38951,160.07,0.1,0.000625,104889.15,0.371353948,0.009148785,38951,1
2026-03-04 11:30:00+05:30,160.1,160.1,159.22,159.37,47941,159.74,-0.73,-0.00455965,106153.3,0.451620439,0.00911849,-47941,1
2026-03-04 12:00:00+05:30,159.37,159.5,158.6,158.7,51278,159.04,-0.67,-0.004204053,100889.4,0.50825954,0.009121703,-51278,1
2026-03-04 12:30:00+05:30,158.73,159.03,158.56,159,41785,158.86,0.3,0.001890359,98939.1,0.422330504,0.008151834,41785,1
2026-03-04 13:00:00+05:30,159,159.59,158.47,159.27,91746,159.14,0.27,0.001698113,88449.6,1.037268682,0.007841019,91746,0
2026-03-04 13:30:00+05:30,159.27,159.27,158.21,158.31,60628,158.79,-0.96,-0.0060275,82603.2,0.733966723,0.007886603,-60628,1
2026-03-04 14:00:00+05:30,158.43,159,158.13,158.71,64309,158.57,0.4,0.002526688,83859.3,0.766867837,0.007964107,64309,1
2026-03-04 14:30:00+05:30,158.71,159.47,158.4,159.2,59323,158.95,0.49,0.003087392,83108.9,0.713798402,0.008039065,59323,0
2026-03-04 15:00:00+05:30,159.2,159.29,158,158.47,211391,158.83,-0.73,-0.004585427,87900.05,2.404901931,0.00771574,-211391,0
2026-03-05 09:00:00+05:30,159.28,160.8,159.01,159.01,77275,159.14,0.54,0.003407585,81189,0.951791499,0.007686072,77275,0
2026-03-05 09:30:00+05:30,159.04,161.66,159.03,161.27,131297,160.16,2.26,0.014212943,84155.25,1.560175984,0.008449428,131297,0
2026-03-05 10:00:00+05:30,161.25,161.5,160.44,160.63,44095,160.94,-0.64,-0.0039685,84703.95,0.520577848,0.008468568,-44095,0
2026-03-05 10:30:00+05:30,160.6,161.76,160.6,161.65,46846,161.12,1.02,0.006349997,82820.55,0.565632563,0.008606765,46846,0
2026-03-05 11:00:00+05:30,161.66,162.15,161.14,161.58,47042,161.62,-0.07,-0.000433034,80527.95,0.584169844,0.00851141,-47042,0
2026-03-05 11:30:00+05:30,161.6,161.6,159.2,159.2,46229,160.4,-2.38,-0.014729546,79577.7,0.580929079,0.008958118,-46229,1
2026-03-05 12:00:00+05:30,159.27,159.6,159.1,159.55,19414,159.41,0.35,0.002198492,75321.2,0.257749478,0.008946788,19414,0
2026-03-05 12:30:00+05:30,159.63,159.88,159.02,159.26,59031,159.44,-0.29,-0.001817612,71741,0.82283492,0.006071039,-59031,0
2026-03-05 13:00:00+05:30,159.44,159.49,157.99,158.4,139182,158.92,-0.86,-0.005399975,70631.55,1.97053583,0.006139368,-139182,0
2026-03-05 13:30:00+05:30,158.32,158.61,155,155.64,282827,156.98,-2.76,-0.017424242,79924,3.538699264,0.006942083,-282827,1
2026-03-05 14:00:00+05:30,155.55,155.78,155.15,155.25,135405,155.4,-0.39,-0.002505783,84799.75,1.596761783,0.006915356,-135405,1
2026-03-05 14:30:00+05:30,155.22,157.07,154.81,156.89,310202,156.06,1.64,0.010563607,98362.3,3.153667615,0.00741392,310202,1
2026-03-05 15:00:00+05:30,157.02,157.95,156.89,157.95,209864,157.49,1.06,0.006756326,106458.45,1.971323084,0.007557249,209864,1
2026-03-06 09:00:00+05:30,157.95,159.09,157.25,158.9,35976,158.43,0.95,0.006014562,105693.35,0.340380923,0.007633017,35976,0
2026-03-06 09:30:00+05:30,159,159.45,158.6,159.1,94492,159.05,0.2,0.001258653,108328.7,0.872271153,0.007626482,94492,0
2026-03-06 10:00:00+05:30,159.1,160.48,158.99,159.89,102489,159.5,0.79,0.004965431,108865.85,0.941424698,0.007698097,102489,0
2026-03-06 10:30:00+05:30,159.89,159.89,158.41,158.79,47551,159.34,-1.1,-0.00687973,108212,0.439424463,0.007736775,-47551,0
2026-03-06 11:00:00+05:30,158.75,158.99,157.9,158,55310,158.38,-0.79,-0.004975124,107762.05,0.513260466,0.007798613,-55310,0
2026-03-06 11:30:00+05:30,158.01,158.46,158.01,158.35,14027,158.18,0.35,0.00221519,105497.25,0.132960812,0.007781711,14027,0
2026-03-06 12:00:00+05:30,158.35,158.47,157.86,158.16,19093,158.26,-0.19,-0.001199874,95882.35,0.199129454,0.00771875,-19093,0
2026-03-06 12:30:00+05:30,158.23,158.46,157.84,158.24,78808,158.24,0.08,0.000505817,95959,0.821267416,0.007677111,78808,0
2026-03-06 13:00:00+05:30,158.24,159.15,158.06,158.89,50856,158.56,0.65,0.004107685,91936.95,0.553161705,0.006978329,50856,0
2026-03-06 13:30:00+05:30,158.9,159.04,158.26,158.73,41655,158.82,-0.16,-0.001006986,91814.95,0.453684286,0.006937066,-41655,0
2026-03-06 14:00:00+05:30,158.85,158.99,158.41,158.78,18280,158.82,0.05,0.000315,90386.65,0.202242256,0.006748836,18280,0
2026-03-06 14:30:00+05:30,158.79,158.79,157.51,157.63,81584,158.21,-1.15,-0.007242726,92113.75,0.885687533,0.006895622,-81584,0
2026-03-06 15:00:00+05:30,157.75,157.9,157,157.2,120291,157.48,-0.43,-0.002727907,95816.85,1.255426368,0.006138161,-120291,0
2026-03-09 09:00:00+05:30,153.2,154.39,150.21,150.5,83970,151.85,-6.7,-0.042620865,99044.65,0.847799452,0.0111735,-83970,0
2026-03-09 09:30:00+05:30,150.56,151.18,149.74,150.9,197946,150.73,0.4,0.002657807,105990.4,1.867584234,0.011239984,197946,0
2026-03-09 10:00:00+05:30,150.91,151.76,150.5,151.5,112442,151.2,0.6,0.003976143,104653.4,1.074422809,0.011313714,112442,0
2026-03-09 10:30:00+05:30,151.49,151.86,150.71,151.66,54022,151.57,0.16,0.001056106,93213.15,0.579553421,0.010741849,54022,1
2026-03-09 11:00:00+05:30,151.78,152.33,150.91,152.19,57000,151.99,0.53,0.003494659,89292.9,0.638348626,0.010788282,57000,0
2026-03-09 11:30:00+05:30,152.18,152.48,151.01,151.19,33644,151.68,-1,-0.006570734,75465,0.445822567,0.010503394,-33644,1
2026-03-09 12:00:00+05:30,151.19,151.36,150.88,151.3,31268,151.24,0.11,0.000727561,66535.2,0.469946735,0.010330142,31268,1
2026-03-09 12:30:00+05:30,151.32,151.39,150.8,151.18,44717,151.25,-0.12,-0.000793126,66972.25,0.667694456,0.010159563,-44717,1
2026-03-09 13:00:00+05:30,151.18,151.43,150.25,150.56,84838,150.87,-0.62,-0.004101072,66489.55,1.275959906,0.010127592,-84838,1
2026-03-09 13:30:00+05:30,150.56,150.83,149.9,149.95,55394,150.26,-0.61,-0.004051541,64134.8,0.863712056,0.009967604,-55394,1
2026-03-09 14:00:00+05:30,149.95,150.19,149.7,150.05,49223,150,0.1,0.000666889,64218.4,0.766493715,0.009962048,49223,1
2026-03-09 14:30:00+05:30,149.89,150.34,149.54,149.93,81749,149.91,-0.12,-0.000799733,65540.35,1.247307956,0.009957338,-81749,1
2026-03-09 15:00:00+05:30,149.99,150.87,149.94,150.75,171147,150.37,0.82,0.005469219,73396.35,2.331818953,0.010065631,171147,1
2026-03-10 09:00:00+05:30,153,153.96,151.45,152,90662,152.5,1.25,0.008291874,76974.8,1.177814038,0.010345413,90662,1
2026-03-10 09:30:00+05:30,151.97,152,150.32,151.4,146670,151.68,-0.6,-0.003947368,80367.9,1.824982362,0.010338096,-146670,1
2026-03-10 10:00:00+05:30,151.34,155.55,151.32,154.65,243021,153,3.25,0.021466314,89976.15,2.700949085,0.011549267,243021,1
2026-03-10 10:30:00+05:30,154.48,157.19,153.79,156.85,303566,155.66,2.2,0.014225671,103071.7,2.945192521,0.012059697,303566,1
2026-03-10 11:00:00+05:30,156.79,160.4,156.25,156.5,728013,156.64,-0.35,-0.002231431,138558.35,5.254197961,0.012063799,-728013,1
2026-03-10 11:30:00+05:30,156.57,159.2,155.86,159.05,234032,157.81,2.55,0.01629393,146180.75,1.600976873,0.012526249,234032,1
2026-03-10 12:00:00+05:30,159.16,160.5,158.9,159.7,331202,159.43,0.65,0.004086765,156726.3,2.113250935,0.012525818,331202,1
2026-03-10 12:30:00+05:30,159.8,166.45,159.55,165.96,1631866,162.88,6.26,0.039198497,234121.1,6.970179108,0.01082095,1631866,0
2026-03-10 13:00:00+05:30,165.9,165.91,161.7,161.78,796396,163.84,-4.18,-0.025186792,264043.6,3.016153393,0.012751257,-796396,1
2026-03-10 13:30:00+05:30,161.86,163,161.03,161.66,238518,161.76,-0.12,-0.000741748,270347.4,0.882264819,0.012786813,-238518,1
2026-03-10 14:00:00+05:30,161.66,162.88,161.21,161.86,192484,161.76,0.2,0.001237164,277270.5,0.694210167,0.012785184,192484,1
2026-03-10 14:30:00+05:30,162.08,164.85,162.02,163.48,885363,162.78,1.62,0.010008649,318688.65,2.778144123,0.012872094,885363,0
2026-03-10 15:00:00+05:30,163.56,163.83,162.43,162.59,475417,163.07,-0.89,-0.005444091,340777.3,1.395095859,0.012827341,-475417,0
2026-03-11 09:00:00+05:30,163.12,164.39,162.27,162.82,93879,162.97,0.23,0.001414601,343907.85,0.272977194,0.012819827,93879,1
2026-03-11 09:30:00+05:30,162.82,165.31,162.13,164.98,285824,163.9,2.16,0.013266184,355963.2,0.802959407,0.012942297,285824,0
2026-03-11 10:00:00+05:30,164.87,165.9,163.5,163.5,235916,164.18,-1.48,-0.008970784,363517.1,0.64898185,0.013155803,-235916,0
2026-03-11 10:30:00+05:30,163.5,163.79,162.36,162.64,64122,163.07,-0.86,-0.005259939,363953.5,0.176181847,0.013198461,-64122,0
2026-03-11 11:00:00+05:30,162.83,163.47,162.3,162.84,61089,162.84,0.2,0.00122971,364546.8,0.167575192,0.013191237,61089,0
2026-03-11 11:30:00+05:30,162.84,163.18,162.55,162.9,93293,162.87,0.06,0.00036846,365124,0.255510457,0.013170595,93293,0
2026-03-11 12:00:00+05:30,162.78,163.19,162.15,162.39,29521,162.58,-0.51,-0.003130755,358042.7,0.08245106,0.013268333,-29521,0
2026-03-11 12:30:00+05:30,162.25,162.68,162.12,162.31,31287,162.28,-0.08,-0.000492641,355073.95,0.088114039,0.013257509,-31287,0
2026-03-11 13:00:00+05:30,162.4,163,161.78,162.56,74472,162.48,0.25,0.001540262,351464.05,0.211890804,0.013154493,74472,0
2026-03-11 13:30:00+05:30,162.5,162.76,162,162.34,35079,162.42,-0.22,-0.001353346,341066.95,0.102850775,0.012500674,-35079,0
2026-03-11 14:00:00+05:30,162.34,163.31,161.9,162.9,127525,162.62,0.56,0.00344955,332264.9,0.383805211,0.012197362,127525,0
2026-03-11 14:30:00+05:30,162.89,162.89,161.64,161.64,80544,162.26,-1.26,-0.007734807,299891.45,0.26857718,0.012358013,-80544,0
2026-03-11 15:00:00+05:30,161.76,161.95,160.1,160.4,209226,161.08,-1.24,-0.007671368,298651.15,0.700569879,0.012024717,-209226,0
2026-03-12 09:00:00+05:30,158.88,158.98,156.25,158.91,76340,158.89,-1.49,-0.009289277,285908.05,0.267008921,0.01218509,-76340,1
2026-03-12 09:30:00+05:30,158.66,158.9,157.7,158.72,71606,158.69,-0.19,-0.001195645,207895.05,0.344433405,0.007913961,-71606,1
2026-03-12 10:00:00+05:30,158.71,158.75,156.66,157.39,78029,158.05,-1.33,-0.008379536,171976.7,0.45371844,0.006006934,-78029,1
2026-03-12 10:30:00+05:30,157.38,159.2,157.3,159.06,77153,158.22,1.67,0.010610585,163908.45,0.470707886,0.006577447,77153,1
2026-03-12 11:00:00+05:30,159.25,160.3,158.88,159.63,135440,159.44,0.57,0.003583553,161056.25,0.840948426,0.006636168,135440,0
2026-03-12 11:30:00+05:30,159.5,161.52,159.3,160.85,97243,160.18,1.22,0.007642674,121650.25,0.799365394,0.006454337,97243,0
2026-03-12 12:00:00+05:30,160.47,160.47,157.93,158.78,407486,159.62,-2.07,-0.012869133,118253.7,3.445862582,0.006931951,-407486,0
2026-03-12 12:30:00+05:30,158.79,160.07,158,159.42,120663,159.1,0.64,0.004030734,119592.9,1.008947856,0.007007405,120663,0
2026-03-12 13:00:00+05:30,159.43,159.85,158,159.82,226596,159.62,0.4,0.002509095,116631.5,1.942837055,0.006220941,226596,0
2026-03-12 13:30:00+05:30,159.8,160.8,159.15,159.23,69504,159.51,-0.59,-0.003691653,108310.9,0.641708268,0.005998373,-69504,0
2026-03-12 14:00:00+05:30,159.24,160,159.05,159.67,46582,159.45,0.44,0.002763298,107433.9,0.433587536,0.005988246,46582,0
2026-03-12 14:30:00+05:30,159.67,160.2,158.66,159.2,55653,159.44,-0.47,-0.002943571,107162.1,0.519334727,0.00598269,-55653,0
2026-03-12 15:00:00+05:30,159.31,159.97,159.05,159.48,147021,159.39,0.28,0.001758794,109848.5,1.338397884,0.006008826,147021,0
2026-03-13 09:00:00+05:30,159.64,163.77,159.64,163.77,196481,161.7,4.29,0.026899925,118196.5,1.662325027,0.008637067,196481,0
2026-03-13 09:30:00+05:30,163.45,163.45,158.26,158.4,310066,160.93,-5.37,-0.032789888,132135.45,2.346576941,0.011401216,-310066,0
2026-03-13 10:00:00+05:30,158.42,158.63,156.76,157.57,115949,158,-0.83,-0.005239899,134209.3,0.86394162,0.011417599,-115949,0
2026-03-13 10:30:00+05:30,157.57,157.91,156.85,157.22,79665,157.39,-0.35,-0.002221235,136438.6,0.583889017,0.01141868,-79665,0
2026-03-13 11:00:00+05:30,157.3,157.91,156.43,157.91,67788,157.61,0.69,0.004388755,133451.75,0.507958869,0.011442182,67788,0
2026-03-13 11:30:00+05:30,157.91,158.5,157.62,157.86,55517,157.88,-0.05,-0.000316636,132200.4,0.419945779,0.011349017,-55517,0
2026-03-13 12:00:00+05:30,157.95,157.95,156.46,156.66,41333,157.3,-1.2,-0.007601672,123805.75,0.333853638,0.01134691,-41333,0
2026-03-13 12:30:00+05:30,156.6,156.67,155.7,155.9,86967,156.25,-0.76,-0.00485127,124337.1,0.699445298,0.011221393,-86967,0
2026-03-13 13:00:00+05:30,155.85,156.37,155.66,156.37,39173,156.11,0.47,0.003014753,122715.45,0.319218159,0.011254913,39173,0
2026-03-13 13:30:00+05:30,156.25,156.25,154.9,155,444618,155.62,-1.37,-0.008761271,141044.9,3.152315327,0.011268964,-444618,0
2026-03-13 14:00:00+05:30,155.01,156.41,155,156.03,46987,155.52,1.03,0.006645161,139536.6,0.336736025,0.011092918,46987,0
2026-03-13 14:30:00+05:30,156.22,157.05,156.2,156.67,82958,156.44,0.64,0.004101775,136912.5,0.605919839,0.011104547,82958,0
2026-03-13 15:00:00+05:30,156.5,156.7,155.63,156.11,136254,156.3,-0.56,-0.003574392,138863.05,0.981211345,0.010933575,-136254,0
2026-03-16 09:00:00+05:30,156.39,156.39,152.33,153.5,107020,154.94,-2.61,-0.01671898,123839.75,0.864181331,0.011176618,-107020,0
2026-03-16 09:30:00+05:30,153.7,154.55,153.08,153.83,110940,153.76,0.33,0.002149837,123353.6,0.899365726,0.011134314,110940,1
2026-03-16 10:00:00+05:30,153.73,154.45,151.95,152.05,103825,152.89,-1.78,-0.011571215,117215.05,0.885765096,0.011296536,-103825,1
2026-03-16 10:30:00+05:30,152.53,152.54,150.6,151.81,72078,152.17,-0.24,-0.001578428,117343.75,0.614246605,0.011293977,-72078,1
2026-03-16 11:00:00+05:30,151.95,152.7,151.15,152.17,38097,152.06,0.36,0.002371385,116919.5,0.325839573,0.011285025,38097,1
2026-03-16 11:30:00+05:30,152.17,152.73,151.95,152.05,55761,152.11,-0.12,-0.000788592,116924.9,0.476895854,0.011289265,-55761,1
2026-03-16 12:00:00+05:30,152.24,152.8,151.29,151.8,66464,152.02,-0.25,-0.001644196,112897.05,0.588713345,0.011251498,-66464,1
2026-03-16 12:30:00+05:30,151.8,152.21,151.1,151.4,33995,151.6,-0.4,-0.002635046,104772.75,0.324464138,0.008894196,-33995,1
2026-03-16 13:00:00+05:30,151.4,151.86,151.05,151.4,71765,151.4,0,0,92857.7,0.772849209,0.005751937,-71765,1
2026-03-16 13:30:00+05:30,151.43,152.11,151.22,151.64,31099,151.54,0.24,0.001585205,88615.2,0.350944308,0.005767129,31099,1
2026-03-16 14:00:00+05:30,151.74,152.84,151.5,152.75,44017,152.24,1.11,0.007319968,86832.8,0.506916741,0.006122841,44017,1
2026-03-16 14:30:00+05:30,152.75,158.09,152.75,156.39,368626,154.57,3.64,0.023829787,101874.7,3.618425379,0.008263213,368626,1
2026-03-16 15:00:00+05:30,156.42,156.42,153.71,154.4,244645,155.41,-1.99,-0.012724599,111331.1,2.19745426,0.008706481,-244645,1
2026-03-17 09:00:00+05:30,155.81,156.31,153.6,156.05,115067,155.93,1.65,0.010686528,115017.8,1.00042776,0.008941747,115067,1
2026-03-17 09:30:00+05:30,156.1,156.1,154.59,155.62,64971,155.86,-0.43,-0.002755527,113918,0.570331291,0.008896005,-64971,1
2026-03-17 10:00:00+05:30,155.7,156.65,155.36,155.36,59620,155.53,-0.26,-0.001670736,114940.35,0.518703832,0.008872646,-59620,1
2026-03-17 10:30:00+05:30,155.62,156.7,155.02,156.6,69013,156.11,1.24,0.007981462,96160.1,0.717688522,0.00882067,69013,1
2026-03-17 11:00:00+05:30,156.6,157.08,155.4,155.5,79187,156.05,-1.1,-0.007024266,97770.1,0.809930643,0.008853096,-79187,1
2026-03-17 11:30:00+05:30,155.53,157.19,155.52,156.38,45375,155.95,0.88,0.005659164,95890.95,0.473193769,0.008899035,45375,1
2026-03-17 12:00:00+05:30,156.37,156.9,155.94,156.6,42633,156.49,0.22,0.00140683,91209.9,0.467416366,0.008864996,42633,1
2026-03-17 12:30:00+05:30,156.54,157.59,156.33,157.39,71277,156.96,0.79,0.0050447,89422.75,0.797079043,0.007970259,71277,1
2026-03-17 13:00:00+05:30,157.4,157.5,156.96,157.2,14127,157.3,-0.19,-0.001207192,84582.1,0.167021155,0.007986356,-14127,1
2026-03-17 13:30:00+05:30,157.22,157.91,156.71,157.11,41904,157.17,-0.09,-0.000572519,81486.05,0.514247531,0.007425884,-41904,1
2026-03-17 14:00:00+05:30,157.1,157.38,156.64,156.88,29976,156.99,-0.23,-0.001463942,79380.95,0.377622087,0.007423296,-29976,1
2026-03-17 14:30:00+05:30,156.89,157.2,156.25,157.1,53906,157,0.22,0.001402346,80171.4,0.672384416,0.007421639,53906,1
2026-03-17 15:00:00+05:30,157.15,157.39,156.26,156.83,107672,156.99,-0.27,-0.001718651,82766.95,1.300905736,0.007440425,-107672,1
2026-03-18 09:00:00+05:30,158.06,158.78,157.47,158.5,59157,158.28,1.67,0.010648473,82401.6,0.717910817,0.00766485,59157,1
2026-03-18 09:30:00+05:30,158.47,161,158.31,160.01,258735,159.24,1.51,0.009526814,93638.6,2.763123327,0.007743964,258735,1
2026-03-18 10:00:00+05:30,159.96,160.25,159.09,159.82,63411,159.89,-0.19,-0.001187426,93220.9,0.680222997,0.007771047,-63411,1
2026-03-18 10:30:00+05:30,159.89,160.53,159.65,160.5,42109,160.2,0.68,0.004254787,93771.4,0.449060161,0.007773125,42109,0
2026-03-18 11:00:00+05:30,160.4,160.6,160.28,160.49,36673,160.44,-0.01,-6.23E-05,93404.2,0.392626884,0.007725916,-36673,0
2026-03-18 11:30:00+05:30,160.4,160.75,160.3,160.68,30202,160.54,0.19,0.001183874,76483,0.394885138,0.005873033,30202,0
2026-03-18 12:00:00+05:30,160.68,161.09,160.21,160.87,77002,160.78,0.19,0.001182474,68100.85,1.130705417,0.004850687,77002,0
2026-03-18 12:30:00+05:30,160.87,161.54,160.57,161.2,54691,161.04,0.33,0.002051346,65082.05,0.840339233,0.004406981,54691,0
2026-03-18 13:00:00+05:30,161.21,161.88,161.16,161.5,27881,161.36,0.3,0.001861042,63227.55,0.44096284,0.004284158,27881,0
2026-03-18 13:30:00+05:30,161.5,161.7,161.21,161.57,33523,161.54,0.07,0.000433437,61922.7,0.541368513,0.004218091,33523,0
2026-03-18 14:00:00+05:30,161.57,162.4,161.34,162.23,62572,161.9,0.66,0.004084917,61600.65,1.015768502,0.004010708,62572,0
2026-03-18 14:30:00+05:30,162.23,162.24,161.02,161.27,50533,161.75,-0.96,-0.005917525,60167.95,0.839865742,0.003888688,-50533,0
2026-03-18 15:00:00+05:30,161.34,161.37,160.25,160.84,139561,161.09,-0.43,-0.002666336,64877.25,2.151154681,0.003902858,-139561,0
2026-03-19 09:00:00+05:30,157.85,160,157.72,159.6,84888,158.72,-1.24,-0.007709525,66990,1.267174205,0.004403955,-84888,0
2026-03-19 09:30:00+05:30,159.6,159.76,158.56,158.81,60266,159.2,-0.79,-0.004949875,66439.45,0.907081561,0.004482232,-60266,0
2026-03-19 10:00:00+05:30,158.71,159.04,158.11,158.43,51549,158.57,-0.38,-0.002392796,68310.55,0.754627214,0.004513158,-51549,0
2026-03-19 10:30:00+05:30,158.47,158.74,158,158.01,39468,158.24,-0.42,-0.002651013,68188.75,0.578805155,0.0045604,-39468,1
2026-03-19 11:00:00+05:30,158.02,158.14,157.52,157.67,38680,157.84,-0.34,-0.002151763,68623.95,0.563651611,0.00457693,-38680,0
2026-03-19 11:30:00+05:30,157.72,158.3,157.72,157.94,17469,157.83,0.27,0.001712437,66802.1,0.261503755,0.004581523,17469,0
2026-03-19 12:00:00+05:30,157.94,158.11,157.72,157.94,31673,157.94,0,0,63002.15,0.502728875,0.004558188,-31673,0
2026-03-19 12:30:00+05:30,157.73,158.19,157.05,157.4,62128,157.56,-0.54,-0.00341902,63150.7,0.983805405,0.003929442,-62128,1
2026-03-19 13:00:00+05:30,157.4,157.45,156.9,156.95,28914,157.18,-0.45,-0.002858958,51659.65,0.559701818,0.003200906,-28914,0
2026-03-19 13:30:00+05:30,156.95,157.2,156.49,156.5,32620,156.72,-0.45,-0.002867155,50120.1,0.65083669,0.003229097,-32620,1
2026-03-19 14:00:00+05:30,156.51,156.65,155.61,155.95,41468,156.23,-0.55,-0.003514377,50088.05,0.827902064,0.003018542,-41468,1
2026-03-19 14:30:00+05:30,156.05,156.25,155.05,155.17,62716,155.61,-0.78,-0.005001603,51390.2,1.220388323,0.003101452,-62716,1
2026-03-19 15:00:00+05:30,155.2,155.59,155,155.5,111982,155.35,0.33,0.0021267,55479.2,2.018450158,0.003153986,111982,1
2026-03-20 09:00:00+05:30,157.89,158.8,156.79,158.59,52483,158.24,3.09,0.019871383,54253.25,0.967370618,0.005740115,52483,0
2026-03-20 09:30:00+05:30,158.55,158.73,157.52,157.58,63064,158.06,-1.01,-0.006368623,54671.9,1.15349933,0.005835837,-63064,0
2026-03-20 10:00:00+05:30,157.71,157.85,157.06,157.66,24214,157.68,0.08,0.000507679,54488.55,0.44438694,0.005807241,24214,0
2026-03-20 10:30:00+05:30,157.7,157.9,157.52,157.67,10970,157.68,0.01,6.34E-05,53360.9,0.20558124,0.005802396,10970,0
2026-03-20 11:00:00+05:30,157.69,158.17,157.11,157.75,22266,157.72,0.08,0.000507389,51345.6,0.433649621,0.005684682,22266,0
2026-03-20 11:30:00+05:30,157.84,157.9,156.74,156.74,38271,157.29,-1.01,-0.006402536,50732.5,0.754368501,0.005706034,-38271,0
2026-03-20 12:00:00+05:30,156.8,156.92,155.84,156.82,44644,156.81,0.08,0.000510399,45986.65,0.970803483,0.005713379,44644,0
2026-03-20 12:30:00+05:30,156.78,156.82,156.29,156.43,39301,156.61,-0.39,-0.002486928,43707.3,0.899186177,0.005518608,-39301,0
2026-03-20 13:00:00+05:30,156.35,157.4,156.15,157.08,95252,156.72,0.65,0.004155213,45456.6,2.095449286,0.005550067,95252,0
2026-03-20 13:30:00+05:30,157.07,157.07,156.28,156.56,40065,156.82,-0.52,-0.003310415,44882.4,0.892666168,0.005570007,-40065,0
2026-03-20 14:00:00+05:30,156.56,156.94,156.2,156.28,12345,156.42,-0.28,-0.001788452,43526.25,0.283621952,0.005556441,-12345,0
2026-03-20 14:30:00+05:30,156.29,156.5,155.36,155.64,45887,155.96,-0.64,-0.004095214,43886.6,1.045581111,0.005602989,-45887,0
2026-03-20 15:00:00+05:30,155.56,155.56,153.25,153.95,587450,154.76,-1.69,-0.010858391,72385.65,8.115558816,0.006015918,-587450,0
2026-03-23 09:00:00+05:30,152,152,149.18,149.6,63302,150.8,-4.35,-0.028255927,73967.1,0.855812922,0.008506417,-63302,0
2026-03-23 09:30:00+05:30,149.44,149.83,148.71,148.71,156762,149.07,-0.89,-0.005949198,78698.8,1.991923638,0.008536836,-156762,0
2026-03-23 10:00:00+05:30,148.87,148.88,147.35,147.55,91015,148.21,-1.16,-0.007800417,81803.85,1.112600446,0.008609805,-91015,0
2026-03-23 10:30:00+05:30,147.55,148.73,147.33,147.8,86903,147.68,0.25,0.001694341,84518,1.028218841,0.008675014,86903,1
2026-03-23 11:00:00+05:30,147.66,148.59,147.37,148.33,46220,148,0.53,0.003585927,84755.6,0.545332698,0.008789621,46220,1
2026-03-23 11:30:00+05:30,148.34,148.5,147.41,147.75,96993,148.05,-0.58,-0.0039102,86469.45,1.12170252,0.00877642,-96993,0
2026-03-23 12:00:00+05:30,147.85,148.18,147.19,147.82,25704,147.83,0.07,0.000473773,82155.55,0.312869916,0.008739152,25704,0
2026-03-23 12:30:00+05:30,147.78,147.97,146.73,146.93,73700,147.36,-0.89,-0.006020836,83216.4,0.885642734,0.006995678,-73700,1
2026-03-23 13:00:00+05:30,146.99,147.78,146.8,147.3,39114,147.15,0.37,0.002518206,82018.9,0.476890083,0.007104486,39114,1
2026-03-23 13:30:00+05:30,147.4,149.4,147.4,148.79,49751,148.1,1.49,0.010115411,83295.75,0.597281374,0.007680078,49751,0
2026-03-23 14:00:00+05:30,148.75,149.5,148.4,148.4,82750,148.57,-0.39,-0.002621144,86884.75,0.952411096,0.007649644,-82750,1
2026-03-23 14:30:00+05:30,148.4,148.59,147.46,147.87,76541,148.14,-0.53,-0.003571429,89598.5,0.854266533,0.007605545,-76541,1
2026-03-23 15:00:00+05:30,147.5,147.76,146.5,147,122006,147.25,-0.87,-0.005883546,93785.25,1.300908192,0.007594924,-122006,1
2026-03-24 09:00:00+05:30,149.8,150.08,148.08,149.34,52099,149.57,2.34,0.015918367,94158,0.553314641,0.008690821,52099,1
2026-03-24 09:30:00+05:30,149.4,149.71,148,148.6,81258,149,-0.74,-0.004955136,96255.85,0.844187652,0.008709557,-81258,1
2026-03-24 10:00:00+05:30,148.5,148.64,147.63,147.64,51195,148.07,-0.96,-0.006460296,94053,0.544320755,0.008603657,-51195,1
2026-03-24 10:30:00+05:30,147.65,147.65,145.38,146.37,101465,147.01,-1.27,-0.008602005,97123,1.044706197,0.008692707,-101465,1
2026-03-24 11:00:00+05:30,146.37,147.8,146.31,147.42,44219,146.89,1.05,0.007173601,98716.7,0.447938393,0.0090015,44219,1
2026-03-24 11:30:00+05:30,147.42,148.35,147.24,148.34,51022,147.88,0.92,0.006240673,98973.45,0.515511988,0.009221778,51022,1
2026-03-24 12:00:00+05:30,148.37,149.6,148.1,148.76,77243,148.56,0.42,0.002831333,73463.1,1.051453042,0.009064378,77243,1
2026-03-24 12:30:00+05:30,148.86,150.6,148.73,150.33,82051,149.6,1.57,0.010553912,74400.55,1.102827869,0.006991359,82051,1
2026-03-24 13:00:00+05:30,150.34,151,149.87,150.83,77829,150.58,0.5,0.003326016,70453.9,1.104679798,0.00686381,77829,1
2026-03-24 13:30:00+05:30,150.83,151,149.88,150.1,61377,150.46,-0.73,-0.004839886,68972,0.889882851,0.006700123,-61377,1
2026-03-24 14:00:00+05:30,150.1,151.11,149.86,150.76,47444,150.43,0.66,0.004397069,66999.05,0.708129444,0.006744556,47444,1
2026-03-24 14:30:00+05:30,150.78,150.78,149.1,149.67,124306,150.22,-1.09,-0.007230034,70903.35,1.753175273,0.006957694,-124306,1
2026-03-24 15:00:00+05:30,149.77,149.77,148,149,367626,149.38,-0.67,-0.004476515,84435,4.353952745,0.006977594,-367626,1
2026-03-25 09:00:00+05:30,150.23,153.42,150.23,153.03,49409,151.63,4.03,0.02704698,85620.25,0.577071429,0.009169286,49409,0
2026-03-25 09:30:00+05:30,152.99,153.5,152.18,153.16,117787,153.07,0.13,0.000849507,87824.6,1.341161816,0.008988849,117787,0
2026-03-25 10:00:00+05:30,153.39,153.5,153,153.35,65833,153.37,0.19,0.001240533,89160.55,0.738364669,0.008990384,65833,0
2026-03-25 10:30:00+05:30,153.26,153.77,153.2,153.25,52206,153.26,-0.1,-0.000652103,89283.3,0.584723011,0.008802584,-52206,0
2026-03-25 11:00:00+05:30,153.24,153.63,152.5,152.5,76156,152.87,-0.75,-0.004893964,88953.6,0.856131736,0.00887317,-76156,0
2026-03-25 11:30:00+05:30,152.6,152.75,151.75,151.93,74529,152.26,-0.57,-0.003737705,88853,0.838789911,0.008878151,-74529,0
2026-03-25 12:00:00+05:30,151.92,152.88,151.92,152.3,121232,152.11,0.37,0.002435332,88814.3,1.36500541,0.008712661,121232,0
2026-03-25 12:30:00+05:30,152.29,152.47,151.38,151.5,142810,151.89,-0.8,-0.005252791,93349.85,1.529836416,0.008177801,-142810,0
2026-03-25 13:00:00+05:30,151.49,151.73,151.3,151.69,39307,151.59,0.19,0.001254125,91252.3,0.430750787,0.008066935,39307,0
2026-03-25 13:30:00+05:30,151.68,152.2,151.55,152.16,35145,151.92,0.47,0.003098424,90449.8,0.388558073,0.007878891,35145,0
2026-03-25 14:00:00+05:30,152.16,152.66,151.31,151.55,80249,151.86,-0.61,-0.004008938,89389,0.897750282,0.007630805,-80249,0
2026-03-25 14:30:00+05:30,151.53,151.8,150.9,151.15,77667,151.34,-0.4,-0.002639393,91061.4,0.852908038,0.007580237,-77667,0
2026-03-25 15:00:00+05:30,151.15,151.44,151,151.01,139975,151.08,-0.14,-0.000926232,95509.05,1.465567923,0.007502245,-139975,0
2026-03-27 09:00:00+05:30,150.8,152.73,150.01,151.35,159126,151.07,0.34,0.002251507,99603.2,1.597599274,0.007495582,159126,0
2026-03-27 09:30:00+05:30,151.25,152.11,148.02,148.15,244111,149.7,-3.2,-0.021143046,107706.2,2.266452628,0.008612436,-244111,0
2026-03-27 10:00:00+05:30,147.97,148,146.36,146.44,188331,147.2,-1.71,-0.011542356,113231.3,1.663241524,0.008884489,-188331,0
2026-03-27 10:30:00+05:30,146.48,146.85,145.61,146.14,208867,146.31,-0.3,-0.002048621,120605.8,1.731815551,0.008850102,-208867,0
2026-03-27 11:00:00+05:30,146.14,146.6,145.8,146.22,76023,146.18,0.08,0.00054742,122034.75,0.622961902,0.008761115,76023,0
2026-03-27 11:30:00+05:30,146.22,146.79,145.89,146.09,72955,146.16,-0.13,-0.000889071,119467.2,0.610669707,0.008656625,-72955,0
2026-03-27 12:00:00+05:30,146.08,146.71,145.8,146.71,56830,146.4,0.62,0.004243959,103927.4,0.546824033,0.00870105,56830,0
2026-03-27 12:30:00+05:30,146.55,146.55,145.4,145.73,153194,146.14,-0.98,-0.006679845,109116.65,1.40394706,0.00582581,-153194,0
2026-03-27 13:00:00+05:30,145.76,146.29,145.5,145.7,104931,145.73,-0.03,-0.00020586,108473.85,0.967339133,0.005799312,-104931,0
2026-03-27 13:30:00+05:30,145.7,145.9,145.28,145.31,86477,145.5,-0.39,-0.002676733,109506.05,0.78970066,0.005732904,-86477,0
2026-03-27 14:00:00+05:30,145.31,145.8,145.15,145.45,156054,145.38,0.14,0.000963457,114698.45,1.360558926,0.005774115,156054,0
2026-03-27 14:30:00+05:30,145.45,145.55,144.99,145.03,149087,145.24,-0.42,-0.00288759,118345,1.259765939,0.005749402,-149087,0
2026-03-27 15:00:00+05:30,144.85,144.96,144.12,144.55,358005,144.7,-0.48,-0.00330966,132518.8,2.701541215,0.005745317,-358005,0
2026-03-30 09:00:00+05:30,143.6,145.11,141.6,144.51,101452,144.06,-0.04,-0.000276721,131529.8,0.771323305,0.005654718,-101452,0
2026-03-30 09:30:00+05:30,144.71,145.77,144.01,144.16,165812,144.44,-0.35,-0.002421978,132679.9,1.249714539,0.005620314,-165812,0
2026-03-30 10:00:00+05:30,144.17,144.31,142.21,142.21,101200,143.19,-1.95,-0.013526637,135774.55,0.745353234,0.006060134,-101200,0
2026-03-30 10:30:00+05:30,142.32,143.1,142.1,142.27,78039,142.3,0.06,0.000421911,137919.25,0.565831093,0.005942037,78039,1
2026-03-30 11:00:00+05:30,142.15,142.5,141.64,141.89,78135,142.02,-0.38,-0.002670978,137813.55,0.566961667,0.005941615,-78135,1
2026-03-30 11:30:00+05:30,141.88,142.64,141.87,142.43,36919,142.16,0.54,0.003805765,135776.15,0.271910788,0.006148835,36919,1
2026-03-30 12:00:00+05:30,142.44,143.29,142.3,142.46,65870,142.45,0.03,0.00021063,132070.9,0.498747264,0.006173719,65870,1
2026-03-30 12:30:00+05:30,142.45,142.91,142.45,142.53,51069,142.49,0.07,0.000491366,126668.05,0.403171913,0.006108747,51069,1
2026-03-30 13:00:00+05:30,142.53,143.19,142.3,142.52,64417,142.52,-0.01,-7.02E-05,117683.35,0.547375648,0.004385233,-64417,1
2026-03-30 13:30:00+05:30,142.65,142.9,141.2,141.37,76826,142.01,-1.15,-0.008069043,112108.1,0.685285006,0.00403951,-76826,1
2026-03-30 14:00:00+05:30,141.34,142.04,140.73,140.97,87084,141.16,-0.4,-0.002829455,106018.95,0.821400325,0.004046291,-87084,1
2026-03-30 14:30:00+05:30,140.95,141.16,139.66,139.78,148720,140.36,-1.19,-0.008441512,109653.8,1.356268547,0.004266082,-148720,1
2026-03-30 15:00:00+05:30,139.86,139.86,138.98,139.22,331899,139.54,-0.56,-0.004006296,122601,2.707147576,0.004271035,-331899,1
2026-04-01 09:00:00+05:30,144.9,146.27,143.33,146.22,109691,145.56,7,0.050280132,125244.05,0.875818053,0.012505542,109691,1
2026-04-01 09:30:00+05:30,146.27,147.2,144.65,146.65,185148,146.46,0.43,0.002940774,126841.75,1.459677117,0.012423684,185148,1
2026-04-01 10:00:00+05:30,146.65,147.05,145.8,145.87,103483,146.26,-0.78,-0.005318786,126769.35,0.816309305,0.012488939,-103483,1
2026-04-01 10:30:00+05:30,146,147,146,146.8,45746,146.4,0.93,0.00637554,124732.8,0.366751969,0.012545753,45746,0
2026-04-01 11:00:00+05:30,146.77,147.3,146.22,147.24,70147,147,0.44,0.002997275,120437.45,0.582435115,0.012557236,70147,0
2026-04-01 11:30:00+05:30,147.21,148.2,147.21,147.78,93353,147.5,0.54,0.003667482,117650.75,0.793475605,0.012544628,93353,0
2026-04-01 12:00:00+05:30,147.75,148.86,147.73,148.66,81214,148.2,0.88,0.005954798,103811.2,0.782324065,0.012547678,81214,0
2026-04-01 12:30:00+05:30,148.66,148.8,148.29,148.29,72618,148.48,-0.37,-0.002488901,102369.5,0.709371444,0.012573663,-72618,0
2026-04-01 13:00:00+05:30,148.27,148.52,147.74,148.28,34518,148.28,-0.01,-6.74E-05,95804.8,0.3602951,0.012547333,-34518,0
2026-04-01 13:30:00+05:30,148.43,148.43,147.13,147.73,60470,148.08,-0.55,-0.003709199,93768.3,0.644887451,0.012113781,-60470,0
2026-04-01 14:00:00+05:30,147.73,148.11,147.59,147.88,27917,147.8,0.15,0.001015366,91262.2,0.305898828,0.012110506,27917,0
2026-04-01 14:30:00+05:30,147.88,147.98,146.87,147.43,59723,147.66,-0.45,-0.003043008,90341.6,0.661079724,0.012118347,-59723,1
2026-04-01 15:00:00+05:30,147.55,149.12,147.52,148.98,183492,148.26,1.55,0.010513464,97670.25,1.878688751,0.01226335,183492,1
2026-04-02 09:00:00+05:30,144.6,144.69,143.64,144.41,60503,144.5,-4.57,-0.030675258,97401.9,0.621168581,0.014315901,-60503,1
2026-04-02 09:30:00+05:30,144.3,144.46,143.75,144.27,59160,144.29,-0.14,-0.000969462,97806.45,0.604868084,0.014321154,-59160,1
2026-04-02 10:00:00+05:30,144.1,144.28,143.53,144.05,64806,144.07,-0.22,-0.001524919,97825.9,0.662462599,0.014328979,-64806,1
2026-04-02 10:30:00+05:30,144.14,144.63,144.03,144.48,16949,144.31,0.43,0.002985075,94832.05,0.178726496,0.014188273,16949,1
2026-04-02 11:00:00+05:30,144.6,145.17,144.1,144.93,40829,144.76,0.45,0.003114618,92519.3,0.441302517,0.014162036,40829,1
2026-04-02 11:30:00+05:30,144.93,145.74,144.8,145.41,37803,145.17,0.48,0.003311944,86973.45,0.434649885,0.013971239,37803,1
2026-04-02 12:00:00+05:30,145.39,145.6,144.65,145.24,46856,145.32,-0.17,-0.001169108,72721.3,0.644322915,0.013920632,-46856,1
2026-04-02 12:30:00+05:30,145.24,147.7,145.24,147.69,94107,146.46,2.45,0.016868631,71942.1,1.308093592,0.00897419,94107,1
2026-04-02 13:00:00+05:30,147.7,149.68,147.7,149.68,141875,148.69,1.99,0.013474169,69778.45,2.033220858,0.009420552,141875,1
2026-04-02 13:30:00+05:30,149.61,150.61,149.4,150.25,121883,149.93,0.57,0.003808124,70698.45,1.723984048,0.009315479,121883,1
2026-04-02 14:00:00+05:30,150.19,151.35,150.18,150.89,112564,150.54,0.64,0.004259567,74039.35,1.520326691,0.009269356,112564,1
2026-04-02 14:30:00+05:30,150.89,151.09,149.62,151.08,107809,150.99,0.19,0.001259195,75922.45,1.419988422,0.009261897,107809,1
2026-04-02 15:00:00+05:30,151.33,152.4,151.27,151.75,164960,151.54,0.67,0.004434737,79502.8,2.074895475,0.009273673,164960,0
2026-04-06 09:00:00+05:30,153.59,153.59,150.19,150.19,58553,151.89,-1.56,-0.010280066,78369.75,0.747137767,0.009557216,-58553,1
2026-04-06 09:30:00+05:30,150.19,152,149.98,150.55,131735,150.37,0.36,0.002396964,81325.6,1.619846641,0.009537716,131735,1
2026-04-06 10:00:00+05:30,150.33,151.6,150,151.5,55831,150.92,0.95,0.006310196,82391.25,0.677632637,0.009613495,55831,1
2026-04-06 10:30:00+05:30,151.49,152.44,150.63,151.95,67810,151.72,0.45,0.002970297,82758.25,0.819374503,0.009552764,67810,1
2026-04-06 11:00:00+05:30,151.95,151.99,150.26,151,38027,151.48,-0.95,-0.006252057,83263.75,0.456705349,0.009707259,-38027,1
2026-04-06 11:30:00+05:30,151.09,151.65,150.77,151.65,28494,151.37,0.65,0.004304636,81702.3,0.348753952,0.009681628,28494,1
2026-04-06 12:00:00+05:30,151.75,151.75,151.27,151.45,36525,151.6,-0.2,-0.001318826,74353.95,0.491231468,0.009458026,-36525,1
2026-04-06 12:30:00+05:30,151.46,151.6,150.6,151.48,58844,151.47,0.03,0.000198085,74271,0.792287703,0.005883087,58844,1
2026-04-06 13:00:00+05:30,151.5,152.21,151.02,151.92,39390,151.71,0.44,0.002904674,73282.5,0.537508955,0.005829525,39390,1
2026-04-06 13:30:00+05:30,151.9,152.03,151.3,151.64,36712,151.77,-0.28,-0.001843075,71877.8,0.510755755,0.005841803,-36712,1
2026-04-06 14:00:00+05:30,151.64,152.4,151.57,151.92,69868,151.78,0.28,0.001846479,74523.75,0.937526627,0.005843266,69868,1
2026-04-06 14:30:00+05:30,151.92,152.33,151.6,151.89,38025,151.9,-0.03,-0.000197472,74383.55,0.511201737,0.005872685,-38025,1
2026-04-06 15:00:00+05:30,151.87,152.97,151.87,151.99,122124,151.93,0.1,0.000658371,78599.6,1.553748365,0.00588012,122124,1
2026-04-07 09:00:00+05:30,151.45,154.84,150.9,154.2,78261,152.82,2.21,0.01454043,80169.85,0.976189927,0.006425857,78261,0
2026-04-07 09:30:00+05:30,154.07,154.54,152.6,153.85,87579,153.96,-0.35,-0.00226978,79843.45,1.096883965,0.005630347,-87579,0
2026-04-07 10:00:00+05:30,153.78,154.8,153.75,154.67,59455,154.22,0.82,0.005329867,75722.45,0.785170052,0.005023164,59455,0
2026-04-07 10:30:00+05:30,154.67,154.88,153.92,154,47785,154.33,-0.67,-0.004331803,72017.55,0.663518823,0.005167062,-47785,1
2026-04-07 11:00:00+05:30,154.09,154.14,153.68,154.14,34784,154.12,0.14,0.000909091,68128.55,0.51056422,0.0051183,34784,1
2026-04-07 11:30:00+05:30,154.09,154.63,153.9,154.5,36678,154.3,0.36,0.002335539,64572,0.568017097,0.005125953,36678,1
2026-04-07 12:00:00+05:30,154.5,154.88,153.81,153.9,58993,154.2,-0.6,-0.003883495,59273.65,0.995265181,0.005181064,-58993,1
2026-04-07 12:30:00+05:30,153.93,154.24,153.7,153.79,22996,153.86,-0.11,-0.00071475,57495.8,0.399959649,0.004510667,-22996,1
2026-04-07 13:00:00+05:30,153.7,153.99,153.46,153.97,42762,153.83,0.18,0.001170427,53047.15,0.806113052,0.00450179,42762,1
2026-04-07 13:30:00+05:30,153.89,154.41,153.36,153.5,51693,153.7,-0.47,-0.003052543,52840.25,0.978288331,0.00442121,-51693,1
2026-04-07 14:00:00+05:30,153.56,153.75,153.32,153.55,16388,153.56,0.05,0.000325733,50269.15,0.326005114,0.004388064,16388,1
2026-04-07 14:30:00+05:30,153.5,153.71,153.25,153.64,41323,153.57,0.09,0.000586128,50433.95,0.819348871,0.004087691,41323,1
2026-04-07 15:00:00+05:30,153.62,154,153.01,153.55,153843,153.58,-0.09,-0.000585785,56701.4,2.71321343,0.004017394,-153843,1
2026-04-08 09:00:00+05:30,158.97,158.97,157.36,157.51,83885,158.24,3.96,0.025789645,59069.4,1.420109227,0.006879015,83885,1
2026-04-08 09:30:00+05:30,157.66,159.16,157.6,158.64,148686,158.15,1.13,0.007174148,63561.5,2.339246242,0.006959984,148686,1
2026-04-08 10:00:00+05:30,158.64,159.29,158.64,159.12,76357,158.88,0.48,0.003025719,65409.85,1.167362408,0.006960558,76357,1
2026-04-08 10:30:00+05:30,159.12,159.88,159.07,159.53,100735,159.32,0.41,0.002576672,68611,1.468204807,0.006890549,100735,1
2026-04-08 11:00:00+05:30,159.53,159.8,159.38,159.52,29399,159.52,-0.01,-6.27E-05,66587.55,0.441508961,0.006914161,-29399,1
2026-04-08 11:30:00+05:30,159.42,159.42,158.6,158.9,44665,159.16,-0.62,-0.00388666,66919.55,0.667443221,0.007037082,-44665,1
2026-04-08 12:00:00+05:30,158.9,160.1,158.78,159.8,104407,159.35,0.9,0.00566394,66033.7,1.581116915,0.007065265,104407,1
2026-04-08 12:30:00+05:30,159.79,161.47,159.6,160.55,175645,160.17,0.75,0.004693367,70902.9,2.477261156,0.00650531,175645,1
2026-04-08 13:00:00+05:30,160.58,160.87,160.5,160.72,33475,160.65,0.17,0.00105886,68197.7,0.490852331,0.006431415,33475,1
2026-04-08 13:30:00+05:30,160.72,160.95,160.1,160.39,57453,160.56,-0.33,-0.00205326,68097.6,0.843686121,0.006454526,-57453,1
2026-04-08 14:00:00+05:30,160.24,161.4,159.9,160.9,69398,160.57,0.51,0.003179749,69178.25,1.003176576,0.006293213,69398,1
2026-04-08 14:30:00+05:30,160.81,161.1,160.53,160.75,38163,160.78,-0.15,-0.000932256,69347.2,0.550317821,0.006326665,-38163,1
2026-04-08 15:00:00+05:30,160.68,161.17,160.34,161.17,111450,160.93,0.42,0.002612753,73085.8,1.524920026,0.006327465,111450,1
2026-04-09 09:00:00+05:30,162.5,165.66,161.99,163.62,194154,163.06,2.45,0.01520134,79843.85,2.431671318,0.006794046,194154,0
2026-04-09 09:30:00+05:30,163.5,163.75,161.01,161.11,213957,162.3,-2.51,-0.015340423,89391.9,2.393471892,0.007918958,-213957,1
2026-04-09 10:00:00+05:30,161.1,162.89,160.59,162.89,214096,162,1.78,0.011048352,97958.6,2.185576356,0.008145829,214096,0
2026-04-09 10:30:00+05:30,162.89,163,162.5,162.7,38489,162.79,-0.19,-0.001166431,97298.4,0.395576906,0.008084571,-38489,1
2026-04-09 11:00:00+05:30,162.7,163.4,162.7,163.17,57491,162.94,0.47,0.002888752,99353.55,0.578650687,0.00806114,57491,1
2026-04-09 11:30:00+05:30,163.17,163.4,162.8,163.12,53844,163.14,-0.05,-0.000306429,99979.6,0.538549864,0.008078088,-53844,1
2026-04-09 12:00:00+05:30,163.2,163.7,162.87,163.42,47095,163.31,0.3,0.001839137,94642.2,0.497611002,0.008039082,47095,1
2026-04-09 12:30:00+05:30,163.35,163.43,162.5,162.94,26558,163.14,-0.48,-0.002937217,91775.85,0.28937896,0.006117969,-26558,1
2026-04-09 13:00:00+05:30,162.94,163.12,161.82,161.82,49286,162.38,-1.12,-0.006873696,86805.85,0.567772794,0.00626278,-49286,1
2026-04-09 13:30:00+05:30,161.69,162,161.52,161.83,20662,161.76,0.01,6.18E-05,84021.1,0.245914419,0.006247658,20662,1
2026-04-09 14:00:00+05:30,161.83,162.39,161.43,161.5,54269,161.67,-0.33,-0.002039177,81697.8,0.664265133,0.006266262,-54269,1
2026-04-09 14:30:00+05:30,161.52,161.84,161.32,161.56,31894,161.54,0.06,0.000371517,81822.55,0.389794745,0.006264478,31894,1
2026-04-09 15:00:00+05:30,161.57,162.6,160.54,161.52,214811,161.55,-0.04,-0.000247586,90329.85,2.37807325,0.006177897,-214811,1
2026-04-10 09:00:00+05:30,162,164.25,162,163.86,56129,162.93,2.34,0.01448737,87915.95,0.638439328,0.006822244,56129,0
2026-04-10 09:30:00+05:30,163.99,164.82,163.15,164.2,101753,164.1,0.34,0.002074942,84221.35,1.208161588,0.006778221,101753,0
2026-04-10 10:00:00+05:30,164.2,165.45,163.52,165.13,133896,164.66,0.93,0.005663825,89242.4,1.500363056,0.006852892,133896,0
2026-04-10 10:30:00+05:30,165.13,165.6,164.75,165.25,73427,165.19,0.12,0.0007267,90041.1,0.815483152,0.006807705,73427,0
2026-04-10 11:00:00+05:30,165.25,165.3,164.7,165.03,67725,165.14,-0.22,-0.001331316,89957.45,0.752855934,0.006824379,-67725,0
2026-04-10 11:30:00+05:30,165.05,165.15,164.32,164.6,15294,164.82,-0.43,-0.002605587,88814,0.172202581,0.006863206,-15294,1
2026-04-10 12:00:00+05:30,164.59,164.9,163.61,164,40771,164.3,-0.6,-0.0036452,85280.05,0.478083678,0.006937961,-40771,1
2026-04-10 12:30:00+05:30,164.08,164.51,163.33,163.52,112692,163.8,-0.48,-0.002926829,81206.95,1.387713736,0.006104446,-112692,1
2026-04-10 13:00:00+05:30,163.47,164.34,163.47,164.31,38555,163.89,0.79,0.004831213,72436.85,0.532256717,0.005006352,38555,1
2026-04-10 13:30:00+05:30,164.31,164.7,163.89,164.4,148306,164.36,0.09,0.000547745,69147.35,2.144782121,0.004411943,148306,1
2026-04-10 14:00:00+05:30,164.4,164.72,163.18,163.61,62893,164,-0.79,-0.004805353,70367.55,0.893778453,0.004555701,-62893,1
2026-04-10 14:30:00+05:30,163.63,163.67,162.72,163.24,77822,163.44,-0.37,-0.002261475,71384.1,1.09018675,0.004546549,-77822,1
2026-04-10 15:00:00+05:30,163.14,164.75,163.09,164.75,100456,163.94,1.51,0.009250184,73714.7,1.362767535,0.004989779,100456,1
2026-04-13 09:00:00+05:30,160.35,161.17,158.5,160.69,65606,160.52,-4.06,-0.024643399,74640.25,0.878962758,0.007500422,-65606,1
2026-04-13 09:30:00+05:30,160.43,163.8,160.36,163.75,183503,162.09,3.06,0.019042878,82487.5,2.224615851,0.008689222,183503,1
2026-04-13 10:00:00+05:30,163.89,167.59,163.43,166.95,259687,165.42,3.2,0.019541985,93007.55,2.792106662,0.009512597,259687,1
2026-04-13 10:30:00+05:30,166.95,167.73,165.59,167.38,235622,167.16,0.43,0.002575621,103755.55,2.27093394,0.009507744,235622,1
2026-04-13 11:00:00+05:30,167.25,167.43,166.41,167.06,123319,167.16,-0.32,-0.001911817,107208.05,1.150277428,0.009505129,-123319,1
2026-04-13 11:30:00+05:30,167,168.49,166.93,167.93,158614,167.46,0.87,0.00520771,113544.05,1.396938017,0.009530052,158614,1
2026-04-13 12:00:00+05:30,167.95,168.73,167.83,168.67,98520,168.31,0.74,0.004406598,107729.5,0.914512738,0.009529656,98520,1
2026-04-13 12:30:00+05:30,168.78,169.3,168,168.38,166157,168.58,-0.29,-0.001719334,113230.9,1.467417463,0.009110686,-166157,1
2026-04-13 13:00:00+05:30,168.35,168.37,167.81,168.33,35110,168.34,-0.05,-0.000296947,109898.75,0.319475881,0.009116886,-35110,1
2026-04-13 13:30:00+05:30,168.36,168.53,168.02,168.5,39362,168.43,0.17,0.001009921,105172.05,0.374262934,0.009058374,39362,1
2026-04-13 14:00:00+05:30,168.5,168.5,167.5,167.79,55251,168.14,-0.71,-0.00421365,104263.25,0.52991826,0.009134684,-55251,1
2026-04-13 14:30:00+05:30,167.78,168.15,167.55,168,35113,167.89,0.21,0.001251564,102632.65,0.342123096,0.009121174,35113,1
2026-04-13 15:00:00+05:30,167.71,168.05,166.85,167.44,187961,167.58,-0.56,-0.003333333,111266,1.689294124,0.009137466,-187961,1
2026-04-15 09:00:00+05:30,169,171.33,168.75,169.01,113037,169,1.57,0.009376493,114879.3,0.983963168,0.009260004,113037,0
2026-04-15 09:30:00+05:30,169.21,170.1,168.66,169.65,74311,169.43,0.64,0.003786758,112960.25,0.657850881,0.009210865,74311,0
2026-04-15 10:00:00+05:30,169.65,170.08,168.73,168.73,89795,169.19,-0.92,-0.00542293,115522.25,0.777296149,0.009322781,-89795,1
2026-04-15 10:30:00+05:30,168.7,169.03,168.55,168.92,37488,168.81,0.19,0.001126059,109981.35,0.340857791,0.009320995,37488,1
2026-04-15 11:00:00+05:30,168.9,168.95,168.4,168.4,44770,168.65,-0.52,-0.00307838,109075.2,0.410450772,0.00926835,-44770,1
2026-04-15 11:30:00+05:30,168.4,169.28,168.38,169,25642,168.7,0.6,0.003562945,106466.2,0.240846391,0.009235893,25642,1
2026-04-15 12:00:00+05:30,169.15,169.5,169,169.38,30062,169.26,0.38,0.002248521,102946.5,0.292015756,0.009068862,30062,1
2026-04-15 12:30:00+05:30,169.45,169.92,169.27,169.6,110503,169.52,0.22,0.001298855,105191.35,1.050495122,0.006686201,110503,1
2026-04-15 13:00:00+05:30,169.75,169.92,169.48,169.69,47209,169.72,0.09,0.00053066,98376.65,0.479880134,0.005480743,47209,0
2026-04-15 13:30:00+05:30,169.68,170.25,169.3,169.95,102208,169.82,0.26,0.001532206,90502.7,1.129336473,0.003551972,102208,0
2026-04-15 14:00:00+05:30,169.77,169.98,168.75,168.91,112703,169.34,-1.04,-0.006119447,84356.75,1.336028237,0.003854894,-112703,1
2026-04-15 14:30:00+05:30,168.94,169.1,168.56,169.09,83777,169.02,0.18,0.001065656,82379.65,1.01696232,0.003815683,83777,1
2026-04-15 15:00:00+05:30,169.1,169.42,168.54,168.93,185836,169.02,-0.16,-0.000946242,83740.75,2.219182417,0.003670874,-185836,1
2026-04-16 09:00:00+05:30,169.1,171.45,169.1,170.75,34223,169.92,1.82,0.010773693,80525.9,0.424993698,0.004272286,34223,1
2026-04-16 09:30:00+05:30,170.75,170.75,168.58,168.58,112447,169.67,-2.17,-0.012708638,77840.4,1.444584046,0.005196022,-112447,1
2026-04-16 10:00:00+05:30,168.62,169.65,168.58,169.65,57047,169.14,1.07,0.006347135,78937.25,0.722687958,0.005380304,57047,1
2026-04-16 10:30:00+05:30,169.5,169.81,169.42,169.57,32980,169.54,-0.08,-0.000471559,78618.15,0.419496007,0.005381727,-32980,1
2026-04-16 11:00:00+05:30,169.67,171.55,169.67,170.74,146273,170.2,1.17,0.006899805,83169.25,1.758738957,0.005461019,146273,1
2026-04-16 11:30:00+05:30,170.74,170.95,168.65,168.65,54826,169.7,-2.09,-0.012240834,84154.9,0.651489099,0.006197238,-54826,1
2026-04-16 12:00:00+05:30,168.66,169.24,168.4,169.13,33868,168.9,0.48,0.002846131,76450.25,0.443007054,0.00616517,33868,1
2026-04-16 12:30:00+05:30,169.12,169.9,168.99,169.37,20218,169.24,0.24,0.001419027,71809.3,0.281551275,0.005810097,20218,1
2026-04-16 13:00:00+05:30,169.5,169.92,169.25,169.67,16759,169.58,0.3,0.00177127,68931.7,0.243124716,0.005760463,16759,1
2026-04-16 13:30:00+05:30,169.85,171,169.72,170.94,64119,170.4,1.27,0.007485118,67647.9,0.947834301,0.005840889,64119,1
2026-04-16 14:00:00+05:30,171,171.44,170.41,171,85880,171,0.06,0.000351,70067.5,1.225675242,0.005840254,85880,1
2026-04-16 14:30:00+05:30,170.87,171.98,170.55,170.88,199592,170.88,-0.12,-0.000701754,77808.6,2.565166318,0.005784779,-199592,1
2026-04-16 15:00:00+05:30,170.88,171.55,170.35,171.51,171450,171.2,0.63,0.003686798,85099,2.014712276,0.005788018,171450,1
2026-04-17 09:00:00+05:30,171.05,174.99,171.05,173.5,183203,172.28,1.99,0.011602822,92756.05,1.975105667,0.00627284,183203,0
2026-04-17 09:30:00+05:30,173.5,175.89,173.05,174.35,433315,173.92,0.85,0.004899135,108896.65,3.979139854,0.006326618,433315,0
2026-04-17 10:00:00+05:30,174.5,174.54,172.9,173,119474,173.75,-1.35,-0.007743046,112509.9,1.061897664,0.006648825,-119474,1
2026-04-17 10:30:00+05:30,173,173,172.22,172.6,86302,172.8,-0.4,-0.002312139,111714.6,0.772522123,0.006687703,-86302,0
2026-04-17 11:00:00+05:30,172.43,172.6,171.8,172.3,54950,172.36,-0.3,-0.001738123,108826.95,0.504930075,0.00651891,-54950,0
2026-04-17 11:30:00+05:30,172.3,172.83,172.3,172.5,20337,172.4,0.2,0.001160766,105654.95,0.192485066,0.006518984,20337,0
2026-04-17 12:00:00+05:30,172.38,172.75,172,172.66,38303,172.52,0.16,0.000927536,98278.3,0.389740156,0.006502698,38303,0
2026-04-17 12:30:00+05:30,172.66,172.94,172.45,172.7,20964,172.68,0.04,0.000231669,97615.35,0.214761305,0.006092711,20964,1
2026-04-17 13:00:00+05:30,172.7,173.44,172.66,173.43,31365,173.06,0.73,0.004226983,93561.25,0.33523494,0.005268993,31365,1
2026-04-17 13:30:00+05:30,173.41,173.68,173.05,173.14,31794,173.27,-0.29,-0.001672144,92298.6,0.34446893,0.005179673,-31794,1
2026-04-17 14:00:00+05:30,173.14,173.29,172.86,172.97,20079,173.06,-0.17,-0.000981864,91653.55,0.219074984,0.005188716,-20079,1
2026-04-17 14:30:00+05:30,172.98,174.19,172.77,174.11,134939,173.54,1.14,0.006590738,91086.85,1.481432281,0.005170667,134939,0
2026-04-17 15:00:00+05:30,174.1,174.7,173.53,174,192677,174.05,-0.11,-0.000631785,97979.4,1.966505204,0.00416,-192677,0
2026-04-20 09:00:00+05:30,173.6,173.6,171.25,172.21,39732,172.9,-1.79,-0.010287356,98272.6,0.404303946,0.004916,-39732,1
2026-04-20 09:30:00+05:30,172.18,172.43,171.01,171.81,61488,172,-0.4,-0.002322745,100336.1,0.612820311,0.004966717,-61488,1
2026-04-20 10:00:00+05:30,171.78,172.1,171.58,172,7306,171.89,0.19,0.001105873,99863.45,0.0731599,0.004961581,7306,1
2026-04-20 15:00:00+05:30,174.07,174.07,171.1,171.52,409587,172.8,-0.48,-0.002790698,117136.85,3.4966537,0.004748795,-409587,1
2026-04-21 09:00:00+05:30,172,174.29,171.81,173.12,70904,172.56,1.6,0.009328358,116388.05,0.609203436,0.005171288,70904,1
2026-04-21 09:30:00+05:30,173.2,174.91,173.2,173.85,150355,173.52,0.73,0.004216728,113926.2,1.319757878,0.005221383,150355,1
2026-04-21 10:00:00+05:30,173.79,174.1,173.5,173.61,35873,173.7,-0.24,-0.0013805,107147.35,0.334800627,0.005200657,-35873,1
2026-04-21 10:30:00+05:30,173.6,173.9,173.4,173.55,30528,173.58,-0.06,-0.000345602,99513.6,0.30677214,0.004513708,-30528,1
2026-04-21 11:00:00+05:30,173.59,173.65,173.1,173.23,15052,173.41,-0.32,-0.001843849,78600.45,0.191500176,0.004380263,-15052,1
2026-04-21 11:30:00+05:30,173.23,173.44,173.05,173.11,30349,173.17,-0.12,-0.000692721,74144.2,0.409323993,0.004019698,-30349,1
2026-04-21 12:00:00+05:30,173.05,174.14,171.54,173.91,27524,173.48,0.8,0.004621339,71205.3,0.38654426,0.004104308,27524,1
2026-04-21 12:30:00+05:30,174.06,174.06,173.3,173.35,10784,173.7,-0.56,-0.003220056,68997,0.156296651,0.004157706,-10784,1
2026-04-21 13:00:00+05:30,173.35,173.35,173.06,173.2,17210,173.27,-0.15,-0.000865301,68840.65,0.249997639,0.00416062,-17210,1
2026-04-21 13:30:00+05:30,173.09,173.58,172.66,172.66,23441,172.88,-0.54,-0.003117783,68097.55,0.344226775,0.004221819,-23441,1
2026-04-21 14:00:00+05:30,172.79,174.08,172.67,174,60833,173.4,1.34,0.007760917,70091,0.867914568,0.004564552,60833,1
2026-04-21 14:30:00+05:30,173.99,174.85,173.99,174.78,88152,174.38,0.78,0.004482759,72930.35,1.20871489,0.004576226,88152,1
2026-04-21 15:00:00+05:30,174.84,175.41,174.26,174.6,212940,174.72,-0.18,-0.001029866,81987.65,2.597220435,0.004563171,-212940,1
2026-04-22 09:00:00+05:30,174,174.9,173.8,174.17,29746,174.08,-0.43,-0.002462772,82471,0.360684362,0.004599158,-29746,1
2026-04-22 09:30:00+05:30,174.25,175.72,174.08,174.75,129170,174.5,0.58,0.00333008,82182.55,1.571744853,0.004420841,129170,1
2026-04-22 10:00:00+05:30,174.71,174.91,174.27,174.8,47180,174.76,0.05,0.000286123,74907.7,0.629841792,0.004416594,47180,1
2026-04-22 10:30:00+05:30,174.65,175.5,174.45,174.83,53377,174.74,0.03,0.000171625,75589.95,0.706138845,0.00365886,53377,1
2026-04-22 11:00:00+05:30,175,175.06,174.61,174.62,15818,174.81,-0.21,-0.001201167,73306.45,0.215779103,0.00361746,-15818,1
2026-04-22 11:30:00+05:30,174.73,175.09,174.63,174.78,8738,174.76,0.16,0.000916275,73378.05,0.119081933,0.003616913,8738,1
2026-04-22 12:00:00+05:30,174.96,175.2,174.76,175.02,28194,174.99,0.24,0.001373155,54308.4,0.519146209,0.003517321,28194,0
2026-04-22 12:30:00+05:30,175.1,176.14,175,175.72,125472,175.41,0.7,0.003999543,57036.8,2.199842908,0.003021415,125472,0
2026-04-22 13:00:00+05:30,175.62,175.72,174.85,175.38,35318,175.5,-0.34,-0.001934896,51284.95,0.688662073,0.002962464,-35318,0
2026-04-22 13:30:00+05:30,175.38,175.85,175.28,175.84,37982,175.61,0.46,0.002622876,51390.4,0.739087456,0.002968059,37982,0
2026-04-22 14:00:00+05:30,175.84,175.94,175.05,175.29,30749,175.56,-0.55,-0.003127843,51401.45,0.598212696,0.003079904,-30749,1
2026-04-22 14:30:00+05:30,175.4,175.7,175.21,175.68,21169,175.54,0.39,0.002224884,51707.3,0.409400607,0.003050939,21169,1
2026-04-22 15:00:00+05:30,175.62,175.62,175,175.27,113015,175.44,-0.41,-0.002333789,55840.6,2.023885846,0.003112018,-113015,1
2026-04-23 09:00:00+05:30,175.15,175.93,174.51,175.4,45646,175.28,0.13,0.000741713,56746.7,0.804381576,0.002967342,45646,0
2026-04-23 09:30:00+05:30,175.27,176.45,175.27,175.64,81977,175.46,0.24,0.001368301,60306.35,1.359342756,0.002845075,81977,0
2026-04-23 10:00:00+05:30,175.63,175.8,174.75,174.88,40092,175.26,-0.76,-0.004327033,61450.45,0.652428095,0.003041303,-40092,0
2026-04-23 10:30:00+05:30,174.98,175.04,174.1,174.36,31726,174.67,-0.52,-0.002973468,61864.7,0.512828802,0.003032459,-31726,0
2026-04-23 11:00:00+05:30,174.36,174.94,174.31,174.77,33181,174.56,0.41,0.002351457,60482.1,0.548608597,0.002553669,33181,0
2026-04-23 11:30:00+05:30,174.79,174.88,174.45,174.85,26067,174.82,0.08,0.000457744,57377.85,0.454304231,0.002350924,26067,0
2026-04-23 12:00:00+05:30,174.82,176,174.82,175.41,38326,175.12,0.56,0.003202745,48647.15,0.787836492,0.002440012,38326,0
2026-04-23 12:30:00+05:30,175.5,175.5,175.08,175.39,25415,175.44,-0.02,-0.000114019,48430.6,0.524771529,0.002358533,-25415,0
2026-04-23 13:00:00+05:30,175.5,176.6,175.47,176.2,67018,175.85,0.81,0.004618279,45323,1.478675286,0.002459577,67018,0
2026-04-23 13:30:00+05:30,176.11,176.2,175.6,175.6,12214,175.86,-0.6,-0.003405221,43574.7,0.280300266,0.002604099,-12214,0
2026-04-23 14:00:00+05:30,175.6,175.61,174.57,174.58,32978,175.09,-1.02,-0.005808656,42554.75,0.774954617,0.002933811,-32978,0
2026-04-23 14:30:00+05:30,174.5,174.56,174.01,174.36,26709,174.43,-0.22,-0.001260167,43099.3,0.619708441,0.002935041,-26709,0
2026-04-23 15:00:00+05:30,174.4,174.8,173.8,174.3,74429,174.35,-0.06,-0.000344116,46383.85,1.604631785,0.002926258,-74429,0
2026-04-24 09:00:00+05:30,174.6,175.3,172.8,173.33,50194,173.96,-0.97,-0.005565118,47483.85,1.057075195,0.003141599,-50194,0
2026-04-24 09:30:00+05:30,173.15,173.73,171.02,171.5,79309,172.32,-1.83,-0.010557895,45175.7,1.755567706,0.003687926,-79309,1
2026-04-24 10:00:00+05:30,171.5,173.39,171.5,172.1,46152,171.8,0.6,0.003498542,45717.4,1.009506227,0.003829006,46152,1
2026-04-24 10:30:00+05:30,172.1,172.45,171.4,171.4,18674,171.75,-0.7,-0.004067403,44752,0.41727744,0.003793758,-18674,1
2026-04-24 11:00:00+05:30,171.4,171.67,171.13,171.45,15100,171.42,0.05,0.000291715,43969.55,0.34341948,0.003782712,15100,1
2026-04-24 11:30:00+05:30,171.48,171.83,171,171,15729,171.24,-0.45,-0.002624672,43697.55,0.35995153,0.003713151,-15729,1
2026-04-24 12:00:00+05:30,171,172.21,170.9,171.63,23769,171.32,0.63,0.003684211,39235.25,0.605807278,0.003869158,23769,1
2026-04-24 12:30:00+05:30,171.5,172.04,171.45,172.04,12284,171.77,0.41,0.00238886,37567.15,0.326987807,0.003926226,12284,1
2026-04-24 13:00:00+05:30,171.85,171.99,171.01,171.35,9782,171.6,-0.69,-0.004010695,33957.4,0.288066813,0.003942591,-9782,1
2026-04-24 13:30:00+05:30,171.36,171.99,170.46,171.18,37758,171.27,-0.17,-0.000992121,33840.7,1.115757062,0.00387457,-37758,1
2026-04-24 14:00:00+05:30,171.09,171.35,171,171.19,6583,171.14,0.01,5.84E-05,32583.55,0.202034462,0.003855089,6583,1
2026-04-24 14:30:00+05:30,171.32,171.94,171.32,171.8,13557,171.56,0.61,0.003563292,31602.35,0.428987085,0.003918056,13557,1
2026-04-24 15:00:00+05:30,171.8,172.99,171.41,172.22,80775,172.01,0.42,0.002444703,34337.75,2.352367293,0.00397768,80775,1
2026-04-27 09:00:00+05:30,172.65,174.3,172.65,173.44,32656,173.04,1.22,0.007083962,34054.25,0.958940514,0.004264975,32656,1
2026-04-27 09:30:00+05:30,173.54,174.82,173.14,174.39,60120,173.96,0.95,0.005477399,35789.5,1.679822294,0.004473621,60120,1
2026-04-27 10:00:00+05:30,174.39,174.78,174.1,174.65,31115,174.52,0.26,0.001490911,33994.35,0.91529916,0.00434638,31115,1
2026-04-27 10:30:00+05:30,174.65,175.4,174.61,174.71,47056,174.68,0.06,0.000343544,35736.45,1.316750824,0.004291935,47056,1
2026-04-27 11:00:00+05:30,174.57,174.94,174.19,174.19,20512,174.38,-0.52,-0.002976361,35113.15,0.584168609,0.004142843,-20512,1
2026-04-27 11:30:00+05:30,174.1,174.22,173.8,174,24108,174.05,-0.19,-0.001090763,34983.1,0.689132753,0.004140527,-24108,1
2026-04-27 12:00:00+05:30,174.13,174.27,173.88,174.2,5189,174.16,0.2,0.001149425,31521.1,0.16461989,0.00414926,5189,1
2026-04-27 12:30:00+05:30,174.19,174.28,173.72,173.88,14219,174.04,-0.32,-0.001836969,29722.35,0.478394205,0.003966788,-14219,1
2026-04-27 13:00:00+05:30,173.89,174.5,173.89,174.39,11945,174.14,0.51,0.002933057,26354.15,0.453249298,0.003099487,11945,1
2026-04-27 13:30:00+05:30,174.55,175.5,174.33,174.95,35370,174.75,0.56,0.003211193,25815.05,1.370130989,0.003087159,35370,0
2026-04-27 14:00:00+05:30,174.91,174.91,174.28,174.79,37087,174.85,-0.16,-0.000914547,26735.7,1.38717146,0.002898884,-37087,0
2026-04-27 14:30:00+05:30,174.79,175.2,174.42,175.2,34425,175,0.41,0.002345672,27701.95,1.242692301,0.002909441,34425,0
2026-04-27 15:00:00+05:30,175.16,175.3,174.6,175.29,62800,175.22,0.09,0.000513699,30055.5,2.089467818,0.002780528,62800,0
2026-04-28 09:00:00+05:30,175.73,176.7,175.02,175.86,86905,175.8,0.57,0.003251754,33212.3,2.61665106,0.002762169,86905,0
2026-04-28 09:30:00+05:30,175.7,175.97,174.8,175.25,50391,175.48,-0.61,-0.003468668,35117.65,1.434919478,0.002936915,-50391,0
2026-04-28 10:00:00+05:30,175.26,175.72,174.86,175.55,34124,175.4,0.3,0.00171184,36334.75,0.939156042,0.002699518,34124,0
2026-04-28 10:30:00+05:30,175.56,175.56,174.81,175.23,23326,175.4,-0.32,-0.001822842,35613.15,0.65498278,0.002741332,-23326,0
2026-04-28 11:00:00+05:30,175.27,175.5,174.6,174.65,26504,174.96,-0.58,-0.003309936,36609.2,0.723971024,0.002911621,-26504,0
2026-04-28 11:30:00+05:30,174.25,174.58,174.21,174.4,10023,174.32,-0.25,-0.001431434,36432.5,0.275111508,0.002894799,-10023,0
2026-04-28 12:00:00+05:30,174.3,174.99,174.01,174.33,25214,174.32,-0.07,-0.000401376,33654.45,0.749202557,0.00287728,-25214,0
2026-04-28 12:30:00+05:30,174.34,174.48,174.25,174.4,28773,174.37,0.07,0.000401537,33460.3,0.859914585,0.002441251,28773,1
2026-04-28 13:00:00+05:30,174.33,174.8,174.25,174.72,23899,174.52,0.32,0.001834862,31649.25,0.755120579,0.002151711,23899,1
2026-04-28 13:30:00+05:30,174.58,174.58,173.9,174.37,21208,174.48,-0.35,-0.002003205,31153.9,0.680749441,0.002174286,-21208,1
2026-04-28 14:00:00+05:30,174.36,174.36,173.01,173.07,27827,173.72,-1.3,-0.007455411,30192.45,0.921654255,0.002724456,-27827,1
2026-04-28 14:30:00+05:30,173.06,174.28,173.06,174.16,68544,173.61,1.09,0.00629803,32594.05,2.10296051,0.003045408,68544,1
2026-04-28 15:00:00+05:30,174.24,174.24,173.26,173.42,68280,173.83,-0.74,-0.004248966,34802.65,1.961919566,0.003183464,-68280,0
2026-04-29 09:00:00+05:30,173.99,174.62,173.51,173.72,13594,173.86,0.3,0.001729904,35222.9,0.3859421,0.00319866,13594,0
2026-04-29 09:30:00+05:30,173.84,174.13,172.88,173.02,67647,173.43,-0.7,-0.004029473,37894.3,1.785149745,0.003296213,-67647,0
2026-04-29 10:00:00+05:30,173.02,173.98,173,173.61,23464,173.32,0.59,0.00341001,38470.25,0.609925852,0.003322023,23464,0
2026-04-29 10:30:00+05:30,173.61,173.75,173.25,173.63,13485,173.62,0.02,0.000115201,37376,0.360793022,0.003224478,13485,0
2026-04-29 11:00:00+05:30,173.63,175.75,173.63,174.72,91030,174.18,1.09,0.006277717,40073.15,2.271595819,0.003546012,91030,0
2026-04-29 11:30:00+05:30,174.78,175,174.44,174.77,49607,174.78,0.05,0.000286172,40832.25,1.214897538,0.003503529,49607,0
2026-04-29 12:00:00+05:30,174.78,175.04,174.62,174.87,27161,174.82,0.1,0.000572181,39050.3,0.695538831,0.003504107,27161,0
2026-04-29 12:30:00+05:30,174.87,174.95,174.3,174.61,17117,174.74,-0.26,-0.001486819,35560.9,0.481343273,0.003423827,-17117,0
2026-04-29 13:00:00+05:30,174.53,174.8,174.39,174.41,32193,174.47,-0.2,-0.00114541,34651,0.929064096,0.003351125,-32193,0
2026-04-29 13:30:00+05:30,174.48,174.5,172.32,173.2,121215,173.84,-1.21,-0.006937676,39005.55,3.107634683,0.003632948,-121215,0
2026-04-29 14:00:00+05:30,173.07,173.19,172.75,173.05,36496,173.06,-0.15,-0.000866051,39664.05,0.920127924,0.003623218,-36496,0
2026-04-29 14:30:00+05:30,173.11,173.39,172.81,172.81,18752,172.96,-0.24,-0.001386882,39276.45,0.477436225,0.003573234,-18752,0
2026-04-29 15:00:00+05:30,172.73,173,172.22,172.57,102353,172.65,-0.24,-0.001388809,43892.95,2.331877898,0.003572677,-102353,0
2026-04-30 09:00:00+05:30,171.4,172.56,170.4,171.33,40246,171.36,-1.24,-0.00718549,44644.55,0.901476216,0.003870354,-40246,0
2026-04-30 09:30:00+05:30,171.27,171.77,170.5,170.71,36372,170.99,-0.62,-0.003618747,45024.5,0.80782685,0.003905602,-36372,1
2026-04-30 10:00:00+05:30,170.6,170.7,169.58,169.58,52808,170.09,-1.13,-0.006619413,46469.95,1.136390291,0.004031126,-52808,1
2026-04-30 10:30:00+05:30,169.58,170.66,169.52,169.8,29209,169.69,0.22,0.001297323,46870,0.623191807,0.004076067,29209,1
2026-04-30 11:00:00+05:30,169.9,170.5,169.84,170.5,12139,170.2,0.7,0.004122497,46085.6,0.263401149,0.003979732,12139,1
2026-04-30 11:30:00+05:30,170.54,170.63,170,170.2,6096,170.37,-0.3,-0.001759531,42963.2,0.141888872,0.003621447,-6096,1
2026-04-30 12:00:00+05:30,170.1,170.82,170.1,170.57,4839,170.33,0.37,0.002173913,39791.15,0.121609956,0.00361631,4839,1
2026-04-30 12:30:00+05:30,170.59,170.66,170.22,170.36,8640,170.48,-0.21,-0.001231166,39543.45,0.218493834,0.003566609,-8640,1
2026-04-30 13:00:00+05:30,170.49,170.7,170.11,170.64,9495,170.56,0.28,0.001643578,36635.85,0.259172368,0.003535942,9495,1
2026-04-30 13:30:00+05:30,170.64,171.22,170.61,171.15,29491,170.9,0.51,0.002988748,36937.2,0.798409192,0.003511426,29491,1
2026-04-30 14:00:00+05:30,171.07,171.17,170.15,170.48,19224,170.77,-0.67,-0.003914695,37224.15,0.516438925,0.003576752,-19224,1
2026-04-30 14:30:00+05:30,170.48,170.88,170.34,170.87,11607,170.68,0.39,0.002287658,33253,0.349051213,0.003251268,11607,1
2026-04-30 15:00:00+05:30,170.85,170.89,170.04,170.89,93071,170.87,0.02,0.000117048,35426.2,2.627179884,0.003247668,93071,1
2026-05-04 09:00:00+05:30,171.9,174.78,171.71,174.37,52150,173.14,3.48,0.020363977,36675.65,1.421924356,0.005801036,52150,0
2026-05-04 09:30:00+05:30,174.49,174.6,172.72,173.43,45434,173.96,-0.94,-0.005390836,38091.5,1.19275954,0.005913779,-45434,0
2026-05-04 10:00:00+05:30,173.48,173.65,172.13,172.92,22858,173.2,-0.51,-0.002940668,37624.75,0.607525631,0.005940492,-22858,1
2026-05-04 10:30:00+05:30,173.01,173.5,172.75,173.01,19435,173.01,0.09,0.000520472,32535.75,0.597342923,0.005740013,19435,1
2026-05-04 11:00:00+05:30,172.84,174.5,172.84,174.14,58729,173.49,1.13,0.006531414,33647.4,1.745424609,0.005919471,58729,0
2026-05-04 11:30:00+05:30,174.04,174.18,173.42,173.51,18764,173.77,-0.63,-0.003617779,33648,0.55765573,0.005974302,-18764,0
2026-05-04 12:00:00+05:30,173.65,173.88,172.9,173.7,19193,173.68,0.19,0.001095038,29490,0.65083079,0.00596493,19193,0
2026-05-04 12:30:00+05:30,173.7,173.7,173.07,173.07,22281,173.38,-0.63,-0.003626943,28591.75,0.779280737,0.005778705,-22281,0
2026-05-04 13:00:00+05:30,173.08,173.69,172.75,173.25,51288,173.17,0.18,0.001040042,29337.55,1.748203241,0.005696357,51288,0
2026-05-04 13:30:00+05:30,173.03,173.59,172.5,172.9,16667,172.96,-0.35,-0.002020202,27530.5,0.605401282,0.005471419,-16667,0
2026-05-04 14:00:00+05:30,172.91,173.24,172.21,172.67,26595,172.79,-0.23,-0.001330249,27399.8,0.970627523,0.005494995,-26595,1
2026-05-04 14:30:00+05:30,172.62,172.82,172.4,172.61,25731,172.62,-0.06,-0.000347484,28079.4,0.916365734,0.005445682,-25731,1
2026-05-04 15:00:00+05:30,172.7,173.9,172.43,173.9,81300,173.3,1.29,0.007473495,31839.6,2.553424038,0.005621065,81300,0
2026-05-05 09:00:00+05:30,172.61,174,172.4,173.43,25543,173.02,-0.47,-0.002702703,32874.8,0.776978111,0.005677097,-25543,0
2026-05-05 09:30:00+05:30,173.3,174.4,173.3,173.95,30601,173.62,0.52,0.002998328,33972.85,0.900748686,0.005674387,30601,0
2026-05-05 10:00:00+05:30,174.09,174.95,173.32,173.4,51400,173.74,-0.55,-0.003161828,36068.1,1.425081998,0.005749545,-51400,1
2026-05-05 10:30:00+05:30,173.41,173.76,171.63,171.73,96408,172.57,-1.67,-0.009630911,39413.95,2.446037507,0.006175488,-96408,1
2026-05-05 11:00:00+05:30,171.85,172.17,171.5,171.6,41476,171.72,-0.13,-0.000757002,40526.55,1.023427852,0.006105063,-41476,1
2026-05-05 11:30:00+05:30,171.82,172.4,171.79,172.08,25817,171.95,0.48,0.002797203,41237.05,0.626063213,0.006114652,25817,1
2026-05-05 12:00:00+05:30,172.08,172.47,171.94,172.26,22566,172.17,0.18,0.001046025,37711.8,0.598380348,0.006116154,22566,1
2026-05-05 12:30:00+05:30,172.26,173.49,172.2,173.49,31032,172.88,1.23,0.007140369,36655.9,0.846575858,0.004287787,31032,1
2026-05-05 13:00:00+05:30,173.35,173.68,173.12,173.28,30045,173.32,-0.21,-0.001210444,35886.45,0.837224078,0.004122399,-30045,1
2026-05-05 13:30:00+05:30,173.23,173.28,172.73,172.78,21882,173,-0.5,-0.002885503,35837.65,0.610586911,0.004120371,-21882,1
2026-05-05 14:00:00+05:30,172.7,172.86,172.41,172.64,11202,172.67,-0.14,-0.000810279,35426,0.316208434,0.004121717,-11202,1
2026-05-05 14:30:00+05:30,172.64,173,172,172.71,48398,172.68,0.07,0.000405468,34909.45,1.386386781,0.003819607,48398,1
2026-05-05 15:00:00+05:30,172.82,173.84,172.51,173.5,91426,173.16,0.79,0.004574142,38542.55,2.372079689,0.003895459,91426,1
2026-05-06 09:00:00+05:30,174.71,177.8,174.71,176.28,91655,175.5,2.78,0.016023055,42165.65,2.173688773,0.005294412,91655,1
2026-05-06 09:30:00+05:30,176.29,177.8,176.29,177.67,146276,176.98,1.39,0.007885183,48365.4,3.024393471,0.005417783,146276,1
2026-05-06 10:00:00+05:30,177.43,178.32,177.13,177.4,307276,177.42,-0.27,-0.001519671,61164.8,5.023739144,0.005455009,-307276,1
2026-05-06 10:30:00+05:30,177.24,177.46,176.5,176.83,66775,177.04,-0.57,-0.003213078,63670.2,1.048763786,0.0054984,-66775,1
2026-05-06 11:00:00+05:30,176.68,177.7,176.57,177.51,44288,177.1,0.68,0.003845501,64554.85,0.686052249,0.005497881,44288,0
2026-05-06 11:30:00+05:30,177.51,177.75,177.05,177.7,33114,177.6,0.19,0.001070362,64924,0.510042511,0.005483319,33114,0
2026-05-06 12:00:00+05:30,177.7,177.89,176.52,176.91,33777,177.3,-0.79,-0.004445695,62547.85,0.540018562,0.005443879,-33777,1
2026-05-06 12:30:00+05:30,176.8,176.98,176.5,176.97,20468,176.88,0.06,0.000339156,62294.1,0.328570442,0.005380866,20468,0
2026-05-06 13:00:00+05:30,176.74,177.2,176.62,177.09,19351,176.92,0.12,0.000678081,61731.6,0.313469925,0.005361047,19351,0
2026-05-06 13:30:00+05:30,176.96,177.42,176.6,177.13,38141,177.04,0.04,0.000225874,61068.65,0.62455941,0.005278557,38141,1
2026-05-06 14:00:00+05:30,177.14,177.85,177,177.7,39921,177.42,0.57,0.003217975,58244.3,0.685406126,0.004651242,39921,1
2026-05-06 14:30:00+05:30,177.79,178.46,177.6,177.87,141190,177.83,0.17,0.000956669,63230,2.232959038,0.004618875,141190,0
2026-05-06 15:00:00+05:30,177.88,178.41,177.51,177.92,164406,177.9,0.05,0.000281104,70159.45,2.343319396,0.004624719,164406,1
2026-05-07 09:00:00+05:30,178.49,179.28,177.51,178.92,52892,178.7,1,0.005620504,71675.75,0.737934378,0.004704141,52892,0
2026-05-07 09:30:00+05:30,178.32,178.51,176.11,176.64,98060,177.48,-2.28,-0.012743125,75027.15,1.306993535,0.005563023,-98060,1
2026-05-07 10:00:00+05:30,176.6,177.29,176.5,176.96,37867,176.78,0.32,0.001811594,75418.25,0.502093326,0.005543268,37867,1
2026-05-07 10:30:00+05:30,176.94,177.37,176.56,176.92,27641,176.93,-0.04,-0.00022604,75706.2,0.365108802,0.00547497,-27641,1
2026-05-07 11:00:00+05:30,176.8,177.55,176.65,176.92,83271,176.86,0,0,79309.65,1.049947894,0.005462303,-83271,1
2026-05-07 11:30:00+05:30,176.92,177.32,176.72,176.87,21539,176.9,-0.05,-0.000282614,77966.7,0.276258967,0.005469993,-21539,1
2026-05-07 12:00:00+05:30,176.87,177.92,176.87,177.55,26819,177.21,0.68,0.003844632,74736.35,0.358848137,0.005448735,26819,0
2026-05-07 12:30:00+05:30,177.5,178.3,177.04,177.87,42715,177.68,0.32,0.001802309,72289.35,0.590889253,0.004190951,42715,0
2026-05-07 13:00:00+05:30,178,178,177.21,177.85,17867,177.92,-0.02,-0.000112442,65868.9,0.271250924,0.003809079,-17867,0
2026-05-07 13:30:00+05:30,177.72,178.29,177.69,178.05,34890,177.88,0.2,0.001124543,52249.6,0.667756308,0.003797324,34890,0
2026-05-07 14:00:00+05:30,178.05,178.25,177.77,178.19,14395,178.12,0.14,0.000786296,49630.6,0.290042836,0.003713067,14395,0
2026-05-07 14:30:00+05:30,178.12,178.24,177.94,178.15,18665,178.14,-0.04,-0.000224479,48349.45,0.386043688,0.003624167,-18665,0
2026-05-07 15:00:00+05:30,178.15,178.15,177.18,177.71,86072,177.93,-0.44,-0.002469829,50997.35,1.687773973,0.003664937,-86072,0
2026-05-08 09:00:00+05:30,177.59,178.6,177.11,177.81,28838,177.7,0.1,0.000562715,50750.4,0.568231975,0.003512454,28838,0
2026-05-08 09:30:00+05:30,178.02,178.37,176.91,177.9,60673,177.96,0.09,0.000506158,52760.65,1.149966879,0.003512852,60673,0
2026-05-08 10:00:00+05:30,177.88,177.88,176.9,177.3,22545,177.59,-0.6,-0.003372681,52920.35,0.426017591,0.003603568,-22545,0
2026-05-08 10:30:00+05:30,177.3,177.78,177,177.19,12919,177.24,-0.11,-0.000620417,51659.25,0.25008106,0.003606553,-12919,0
2026-05-08 11:00:00+05:30,177.19,177.41,176.72,176.72,25523,176.96,-0.47,-0.00265252,50939.35,0.501046833,0.003571571,-25523,0
2026-05-08 11:30:00+05:30,176.72,177.57,176.5,177.42,30477,177.07,0.7,0.003961068,45403.7,0.671244854,0.003687208,30477,0
2026-05-08 12:00:00+05:30,177.31,177.35,176.93,176.95,27136,177.13,-0.47,-0.002649081,38540.2,0.704095983,0.003728409,-27136,0
2026-05-08 12:30:00+05:30,177.2,177.2,176.43,176.56,13392,176.88,-0.39,-0.002204012,36565.2,0.366249877,0.003480419,-13392,0
2026-05-08 13:00:00+05:30,176.78,177.25,176.59,177.25,9276,177.02,0.69,0.00390802,32126,0.288738094,0.002189506,9276,0
2026-05-08 13:30:00+05:30,177.25,177.25,176.42,176.71,13761,176.98,-0.54,-0.003046544,30920.7,0.445041671,0.002266475,-13761,0
2026-05-08 14:00:00+05:30,176.7,176.97,176.4,176.62,17372,176.66,-0.09,-0.000509309,30407.25,0.571311118,0.002268398,-17372,0
2026-05-08 14:30:00+05:30,176.62,176.94,176.34,176.43,22491,176.52,-0.19,-0.001075756,27368.25,0.821791675,0.00227907,-22491,0
2026-05-08 15:00:00+05:30,176.52,176.54,175.32,175.88,90840,176.2,-0.55,-0.003117384,30833.3,2.946165347,0.002374794,-90840,0
2026-05-11 09:00:00+05:30,175.95,175.95,172.75,173.44,26885,174.7,-2.44,-0.013873095,30836.6,0.871853577,0.003694164,-26885,0
2026-05-11 09:30:00+05:30,173.44,174.02,171.95,172,95449,172.72,-1.44,-0.008302583,33473.3,2.851496566,0.003949342,-95449,1
2026-05-11 10:00:00+05:30,171.95,173.18,171.91,172.95,33192,172.45,0.95,0.005523256,34239.55,0.969405264,0.004255443,33192,0
2026-05-11 10:30:00+05:30,172.95,173.1,172.33,173.05,28970,173,0.1,0.000578202,33943.55,0.853475844,0.004240196,28970,0
2026-05-11 11:00:00+05:30,173.23,173.4,172.82,172.82,19165,173.02,-0.23,-0.001329096,34182.05,0.560674389,0.004208673,-19165,0
2026-05-11 11:30:00+05:30,172.81,173.19,172.6,173.12,10201,172.96,0.3,0.00173591,33758.85,0.302172615,0.004262921,10201,0
2026-05-11 12:00:00+05:30,173.1,173.75,172.78,173.12,7730,173.11,0,0,29841.75,0.259033066,0.004266752,-7730,0
2026-05-11 12:30:00+05:30,173.07,173.26,172.42,172.8,16955,172.94,-0.32,-0.001848429,29247.6,0.579705685,0.004245395,-16955,0
2026-05-11 13:00:00+05:30,172.71,172.87,172.11,172.3,32084,172.5,-0.5,-0.002893519,27818.15,1.153347724,0.004232279,-32084,0
2026-05-11 13:30:00+05:30,172.17,172.87,172.17,172.5,18112,172.33,0.2,0.001160766,27596.5,0.656315112,0.004253093,18112,0
2026-05-11 14:00:00+05:30,172.5,172.61,172.15,172.3,8759,172.4,-0.2,-0.00115942,27388.5,0.319805758,0.004249848,-8759,0
2026-05-11 14:30:00+05:30,172.35,172.44,172,172.2,21469,172.27,-0.1,-0.000580383,27185.8,0.789713748,0.004242693,-21469,0
2026-05-11 15:00:00+05:30,172.1,172.2,170,170.88,203788,171.49,-1.32,-0.007665505,35851.35,5.684248989,0.004282242,-203788,0
2026-05-12 09:00:00+05:30,169.5,169.79,166.84,166.84,70093,168.17,-4.04,-0.023642322,37999.2,1.844591465,0.006488511,-70093,1
2026-05-12 09:30:00+05:30,166.92,169.29,166.6,169.04,71701,167.98,2.2,0.013186286,40914.65,1.752452972,0.00742287,71701,0
2026-05-12 10:00:00+05:30,168.82,170.12,168.6,169.36,36189,169.09,0.32,0.001893043,42260.3,0.856335615,0.007349667,36189,0
2026-05-12 10:30:00+05:30,169.3,169.4,168.66,168.74,16067,169.02,-0.62,-0.003660841,42375.6,0.379156873,0.007354461,-16067,1
2026-05-12 11:00:00+05:30,168.89,168.89,168.3,168.61,13715,168.75,-0.13,-0.000770416,42192.75,0.325055845,0.007351385,-13715,1
2026-05-12 11:30:00+05:30,168.38,168.89,168.1,168.5,11193,168.44,-0.11,-0.000652393,41627.85,0.268882491,0.00735568,-11193,1
2026-05-12 12:00:00+05:30,168.5,168.5,167.8,167.9,31892,168.2,-0.6,-0.003560831,38680.45,0.824499198,0.007359034,-31892,1
2026-05-12 12:30:00+05:30,167.9,168.49,167.09,168.39,66476,168.14,0.49,0.002918404,40660,1.634923758,0.006912676,66476,1
2026-05-12 13:00:00+05:30,168.38,168.39,167.72,168.01,25836,168.2,-0.38,-0.002256666,37179.35,0.694901874,0.006727102,-25836,1
2026-05-12 13:30:00+05:30,168.01,168.05,167.05,167.34,41800,167.68,-0.67,-0.003987858,37609.75,1.111413929,0.006564656,-41800,1
2026-05-12 14:00:00+05:30,167.23,169.55,166.8,168.15,86773,167.69,0.81,0.004840445,40499.9,2.1425485,0.006707631,86773,1
2026-05-12 14:30:00+05:30,168.15,168.31,166.87,166.97,15832,167.56,-1.18,-0.007017544,40333.25,0.392529737,0.00682346,-15832,1
2026-05-12 15:00:00+05:30,167.04,168.48,166.3,167.12,65579,167.08,0.15,0.000898365,43102.15,1.521478627,0.006803818,65579,1
2026-05-13 09:00:00+05:30,167.3,169.84,167.3,169.27,24365,168.29,2.15,0.012865007,43933.9,0.554583135,0.007544773,24365,1
2026-05-13 09:30:00+05:30,169.11,169.8,167.5,168.82,56333,168.96,-0.45,-0.002658475,45902.8,1.227223612,0.007551193,-56333,1
2026-05-13 10:00:00+05:30,168.74,169.91,168.65,169.63,34649,169.18,0.81,0.00479801,46031.05,0.752731037,0.007652223,34649,0
2026-05-13 10:30:00+05:30,169.62,169.63,168.25,168.44,14280,169.03,-1.19,-0.007015269,45839.45,0.311522062,0.007762227,-14280,1
2026-05-13 11:00:00+05:30,168.25,168.93,168.1,168.91,11584,168.58,0.47,0.002790311,45980.7,0.251931789,0.007812363,11584,1
2026-05-13 11:30:00+05:30,168.91,169.69,168.91,169.1,21455,169,0.19,0.001124859,45980,0.46661592,0.007826062,21455,1
2026-05-13 12:00:00+05:30,169.1,169.7,169.02,169.33,20205,169.22,0.23,0.001360142,36800.85,0.549036232,0.007672836,20205,0
2026-05-13 12:30:00+05:30,169.56,170.5,168.71,170.25,49511,169.9,0.92,0.005433178,35771.75,1.384081014,0.005485481,49511,0
2026-05-13 13:00:00+05:30,170.23,170.39,169.76,169.81,49439,170.02,-0.44,-0.002584435,34658.65,1.426454868,0.004726514,-49439,1
2026-05-13 13:30:00+05:30,169.79,169.99,169.25,169.43,10127,169.61,-0.38,-0.002237795,33355.55,0.303607646,0.004740612,-10127,1
2026-05-13 14:00:00+05:30,169.5,170.41,169.2,169.86,31761,169.68,0.43,0.002537921,34140.25,0.930309532,0.00468887,31761,1
2026-05-13 14:30:00+05:30,169.88,169.97,168.52,169.04,29972,169.46,-0.82,-0.004827505,34953.1,0.857491896,0.004825272,-29972,1
2026-05-13 15:00:00+05:30,168.96,168.96,167.88,168.83,71930,168.9,-0.21,-0.00124231,37989.95,1.89339549,0.004832159,-71930,1
2026-05-14 09:00:00+05:30,170,172.81,169.9,172.79,49221,171.4,3.96,0.023455547,38856.4,1.266741129,0.007029076,49221,0
2026-05-14 09:30:00+05:30,172.61,172.61,168.83,169.62,93188,171.12,-3.17,-0.018345969,40192,2.31857086,0.008291654,-93188,1
2026-05-14 10:00:00+05:30,169.96,171.49,169.55,169.69,75574,169.82,0.07,0.000412687,42678.9,1.770757916,0.00826815,75574,0
2026-05-14 10:30:00+05:30,169.7,169.7,168.81,169.1,38625,169.4,-0.59,-0.003476929,42520.15,0.908392844,0.008254234,-38625,1
2026-05-14 11:00:00+05:30,169.11,169.83,168.56,169.55,23240,169.33,0.45,0.002661147,39343.5,0.590694778,0.008208951,23240,1
2026-05-14 11:30:00+05:30,169.89,171.32,169.8,171.03,33898,170.46,1.48,0.008728988,40246.8,0.842253297,0.008210517,33898,1
2026-05-14 12:00:00+05:30,171.03,171.82,170.94,171.31,34874,171.17,0.28,0.00163714,38711.55,0.900868087,0.00821059,34874,1
2026-05-14 12:30:00+05:30,171.3,171.59,170.88,171.1,18963,171.2,-0.21,-0.001225848,38441.45,0.493295648,0.007755278,-18963,1
2026-05-14 13:00:00+05:30,171.1,171.42,170.77,170.77,14829,170.94,-0.33,-0.001928697,36366.25,0.407768192,0.007741011,-14829,1
2026-05-14 13:30:00+05:30,170.8,171,170.07,170.42,18271,170.61,-0.35,-0.00204954,35547.35,0.513990494,0.007696998,-18271,1
2026-05-14 14:00:00+05:30,170.38,170.61,170,170,11129,170.19,-0.42,-0.002464499,35389.8,0.314469141,0.00753618,-11129,1
2026-05-14 14:30:00+05:30,170.1,170.43,169.88,170.43,28854,170.26,0.43,0.002529412,36253.3,0.795899959,0.00753221,28854,1
2026-05-14 15:00:00+05:30,170.36,170.36,169.25,169.5,43477,169.93,-0.93,-0.005456786,37354.4,1.163905725,0.007645245,-43477,1
2026-05-15 09:00:00+05:30,171.01,172.73,170,171.69,85228,171.35,2.19,0.012920354,40605.55,2.098924901,0.008161458,85228,0
2026-05-15 09:30:00+05:30,171.26,172.4,170.27,172.12,109891,171.69,0.43,0.002504514,43624.55,2.519017388,0.008098546,109891,0
2026-05-15 10:00:00+05:30,172.12,172.4,171.37,172.38,42860,172.25,0.26,0.001510574,43295.6,0.989938931,0.008066101,42860,0
2026-05-15 10:30:00+05:30,172.32,172.98,172.16,172.74,72489,172.53,0.36,0.002088409,46413.7,1.561801796,0.008038815,72489,0
2026-05-15 11:00:00+05:30,172.74,172.91,171.72,171.75,34394,172.24,-0.99,-0.005731157,46545.35,0.738935253,0.008167094,-34394,0
2026-05-15 11:30:00+05:30,171.87,171.87,171.01,171.1,27639,171.48,-0.65,-0.003784571,46428.7,0.59529989,0.008133979,-27639,0
2026-05-15 12:00:00+05:30,171.11,171.85,171.01,171.12,11114,171.12,0.02,0.000116891,43387.9,0.256154366,0.00812312,11114,0
2026-05-15 12:30:00+05:30,171.15,171.49,170.87,171.05,23771,171.1,-0.07,-0.00040907,42115.4,0.564425365,0.006108227,-23771,0
2026-05-15 13:00:00+05:30,171.2,171.45,171,171.17,11378,171.18,0.12,0.000701549,38024.9,0.299224982,0.004432366,11378,0
2026-05-15 13:30:00+05:30,171.17,171.48,170.71,170.75,27796,170.96,-0.42,-0.002453701,35636,0.779997755,0.004480204,-27796,0
2026-05-15 14:00:00+05:30,170.73,170.98,170.43,170.43,29580,170.58,-0.32,-0.001874085,35183.75,0.84072903,0.004422659,-29580,0
2026-05-15 14:30:00+05:30,170.47,170.68,169.61,170.09,64403,170.28,-0.34,-0.001994954,37241.9,1.729315636,0.004419973,-64403,0
2026-05-15 15:00:00+05:30,169.91,170.48,169.4,170,74028,169.96,-0.09,-0.000529132,39248.4,1.886140582,0.003934339,-74028,0
2026-05-18 09:00:00+05:30,168.67,168.67,166,166,42831,167.33,-4,-0.023529412,39646.25,1.080329161,0.006482996,-42831,1
2026-05-18 09:30:00+05:30,166.11,166.95,165.6,166,77179,166.06,0,0,42557.05,1.813542057,0.006492041,-77179,1
2026-05-18 10:00:00+05:30,166.16,166.16,165.08,165.08,50232,165.62,-0.92,-0.005542169,44327.2,1.133209406,0.00655482,-50232,1
2026-05-18 10:30:00+05:30,165.36,166.59,165.05,166.55,26305,165.96,1.47,0.008904773,44728.9,0.588098522,0.006966391,26305,1
2026-05-18 11:00:00+05:30,166.57,167.5,166.45,167.1,28925,166.83,0.55,0.003302312,45618.7,0.634060155,0.007027096,28925,1
2026-05-18 11:30:00+05:30,167.23,167.84,166.8,167.21,19547,167.22,0.11,0.000658288,45153.35,0.432902542,0.006992297,19547,1
2026-05-18 12:00:00+05:30,167.06,167.29,166.53,167.29,14624,167.18,0.08,0.00047844,43710.7,0.334563391,0.006915586,14624,1
2026-05-18 12:30:00+05:30,167.15,168.18,167.15,168.06,12632,167.6,0.77,0.004602786,40080.9,0.315162584,0.006278369,12632,1
2026-05-18 13:00:00+05:30,168.13,168.13,167.3,167.3,7022,167.72,-0.76,-0.004522194,34937.45,0.200987765,0.006265644,-7022,1
2026-05-18 13:30:00+05:30,167.46,167.68,167.11,167.45,30230,167.46,0.15,0.000896593,34305.95,0.881188249,0.00625212,30230,1
2026-05-18 14:00:00+05:30,167.45,168.12,167.15,168,68709,167.72,0.55,0.003284563,34116.95,2.013925629,0.006293146,68709,1
2026-05-18 14:30:00+05:30,167.95,168.88,167.59,168.5,35471,168.22,0.5,0.00297619,34170.8,1.038050031,0.006276816,35471,1
2026-05-18 15:00:00+05:30,168.44,170,168.44,169.82,84182,169.13,1.32,0.007833828,36997.95,2.275315254,0.006531754,84182,1
2026-05-19 09:00:00+05:30,171.99,176.71,171.99,175.2,164782,173.6,5.38,0.031680603,44681.35,3.687936913,0.009697671,164782,1
2026-05-19 09:30:00+05:30,175.26,175.97,174.31,175.51,166265,175.38,0.31,0.001769406,51806.05,3.209374195,0.009690603,166265,1
2026-05-19 10:00:00+05:30,175.53,177.45,175.53,176.5,239450,176.02,0.99,0.005640704,63209.65,3.788187405,0.009736513,239450,0
2026-05-19 10:30:00+05:30,176.5,176.9,176.11,176.5,58450,176.5,0,0,64742.35,0.902809367,0.009698407,-58450,0
2026-05-19 11:00:00+05:30,176.26,176.35,175.7,176.21,61817,176.24,-0.29,-0.001643059,66354.2,0.93162151,0.00969406,-61817,0
2026-05-19 11:30:00+05:30,176.13,176.21,175.78,175.85,27028,175.99,-0.36,-0.002043017,64485.45,0.419133308,0.009695033,-27028,0
2026-05-19 12:00:00+05:30,175.95,175.95,175.1,175.47,28035,175.71,-0.38,-0.002160933,62185.8,0.450826394,0.009721707,-28035,0
2026-05-19 12:30:00+05:30,175.47,176.18,174.55,174.75,108861,175.11,-0.72,-0.004103266,65487.3,1.662322313,0.007869828,-108861,0
2026-05-19 13:00:00+05:30,174.73,175.5,174.73,175.44,33311,175.08,0.69,0.003948498,63293.9,0.526290843,0.007850656,33311,1
2026-05-19 13:30:00+05:30,175.45,175.9,175.21,175.8,41524,175.62,0.36,0.002051984,62858.5,0.660594828,0.00760587,41524,1
2026-05-19 14:00:00+05:30,175.8,175.9,175.15,175.72,60369,175.76,-0.08,-0.000455063,64561.7,0.935059021,0.007522442,-60369,1
2026-05-19 14:30:00+05:30,175.72,175.9,175.05,175.89,76097,175.8,0.17,0.000967448,66920.3,1.137128794,0.007530876,76097,1
2026-05-19 15:00:00+05:30,175.81,177.05,175.81,176.44,267618,176.12,0.55,0.003126954,79323.85,3.373739424,0.007517715,267618,1
2026-05-20 09:00:00+05:30,174.8,174.8,172.33,173.58,36679,174.19,-2.86,-0.016209476,80426.6,0.456055584,0.00862391,-36679,1
2026-05-20 09:30:00+05:30,173.22,176.79,172.45,175.7,128850,174.46,2.12,0.012213389,86237.5,1.494129584,0.00891333,128850,1
2026-05-20 10:00:00+05:30,175.7,176.5,174.83,175.43,70162,175.56,-0.27,-0.00153671,89394.5,0.784858129,0.008818214,-70162,1
2026-05-20 10:30:00+05:30,175.44,175.65,174,174.41,95674,174.92,-1.02,-0.005814285,92666.7,1.032452866,0.009004618,-95674,
2026-05-20 11:00:00+05:30,174.3,174.84,173.98,174.08,43309,174.19,-0.33,-0.001892093,91396.7,0.473857371,0.009042382,-43309,
2026-05-20 11:30:00+05:30,174.07,175.96,174.07,175.59,28428,174.83,1.51,0.008674173,91044.55,0.312242743,0.009169676,28428,
2026-05-20 12:00:00+05:30,175.71,179.8,175.61,178.27,317324,176.99,2.68,0.015262828,102701.65,3.089765354,0.00955638,317324,
2026-05-20 12:30:00+05:30,178.27,178.27,177.15,177.65,54614,177.96,-0.62,-0.003477871,97193.25,0.56191145,0.006711146,-54614,
2026-05-20 13:00:00+05:30,177.65,178.24,176.77,177.18,41641,177.42,-0.47,-0.002645652,90962.05,0.457784318,0.006747188,-41641,
2026-05-20 13:30:00+05:30,177.18,177.95,177,177.95,60151,177.56,0.77,0.004345863,81997.1,0.733574724,0.006701272,60151,
2026-05-20 14:00:00+05:30,177.95,178,176.8,176.99,71819,177.47,-0.96,-0.005394774,82665.55,0.868789961,0.006826909,-71819,
2026-05-20 14:30:00+05:30,177,177.7,176.65,177.45,38151,177.22,0.46,0.002599017,81482.25,0.468212402,0.006833812,38151,
2026-05-20 15:00:00+05:30,177.42,177.66,176.71,177.5,125313,177.46,0.05,0.00028177,86396.5,1.450440701,0.006810288,125313,
