Datetime,Open,High,Low,Close,Volume,body_mid
2026-02-19 09:00:00+05:30,174.50,174.99,173.90,174.20,22873,174.35
2026-02-19 09:30:00+05:30,174.20,175.58,174.08,175.00,46370,174.60
2026-02-19 10:00:00+05:30,174.87,175.31,174.33,174.71,18098,174.79
2026-02-19 10:30:00+05:30,174.73,174.73,174.00,174.45,22920,174.59
2026-02-19 11:00:00+05:30,174.45,174.50,174.00,174.05,13421,174.25
2026-02-19 11:30:00+05:30,174.05,174.70,173.83,174.36,66434,174.20
2026-02-19 12:00:00+05:30,174.30,174.45,173.70,174.35,30844,174.32
2026-02-19 12:30:00+05:30,174.17,174.35,173.53,173.87,15528,174.02
2026-02-19 13:00:00+05:30,173.87,174.44,173.70,174.12,20058,174.00
2026-02-19 13:30:00+05:30,174.00,174.28,173.89,174.15,14125,174.08
2026-02-19 14:00:00+05:30,174.15,174.25,173.75,173.79,12388,173.97
2026-02-19 14:30:00+05:30,173.90,174.14,173.65,173.70,26012,173.80
2026-02-19 15:00:00+05:30,173.80,174.09,173.70,173.70,104869,173.75
2026-02-20 09:00:00+05:30,173.50,174.49,171.84,171.98,60761,172.74
2026-02-20 09:30:00+05:30,172.01,173.28,171.92,172.35,175432,172.18
2026-02-20 10:00:00+05:30,172.35,172.90,171.84,172.71,31845,172.53
2026-02-20 10:30:00+05:30,172.75,173.26,172.64,172.66,28638,172.70
2026-02-20 11:00:00+05:30,172.65,173.75,172.50,173.19,57963,172.92
2026-02-20 11:30:00+05:30,173.19,173.19,172.62,173.08,8947,173.14
2026-02-20 12:00:00+05:30,173.07,173.52,172.90,173.09,11386,173.08
2026-02-20 12:30:00+05:30,173.06,173.58,172.96,173.13,24317,173.10
2026-02-20 13:00:00+05:30,173.07,173.12,172.37,172.89,58584,172.98
2026-02-20 13:30:00+05:30,172.92,173.11,172.62,172.80,11212,172.86
2026-02-20 14:00:00+05:30,172.81,173.29,172.32,172.80,30020,172.80
2026-02-20 14:30:00+05:30,172.60,173.14,172.60,173.10,22616,172.85
2026-02-20 15:00:00+05:30,173.10,173.10,171.38,172.29,116288,172.70
2026-02-23 09:00:00+05:30,172.79,174.38,172.79,173.95,35346,173.37
2026-02-23 09:30:00+05:30,173.88,174.00,172.73,172.86,32190,173.37
2026-02-23 10:00:00+05:30,172.95,173.93,172.10,173.88,52406,173.42
2026-02-23 10:30:00+05:30,173.75,173.90,172.50,173.10,28482,173.42
2026-02-23 11:00:00+05:30,172.98,172.98,172.50,172.70,3421,172.84
2026-02-23 11:30:00+05:30,172.64,172.69,172.10,172.33,11163,172.48
2026-02-23 12:00:00+05:30,172.25,172.59,172.12,172.24,14304,172.24
2026-02-23 12:30:00+05:30,172.33,172.87,172.16,172.82,38110,172.58
2026-02-23 13:00:00+05:30,172.86,172.87,172.39,172.60,23121,172.73
2026-02-23 13:30:00+05:30,172.80,173.23,171.91,171.93,25496,172.36
2026-02-23 14:00:00+05:30,172.05,172.20,171.60,171.68,23507,171.86
2026-02-23 14:30:00+05:30,171.70,172.25,171.68,171.82,34110,171.76
2026-02-23 15:00:00+05:30,172.05,173.02,171.20,172.33,113315,172.19
2026-02-24 09:00:00+05:30,172.33,172.44,170.55,170.60,41992,171.46
2026-02-24 09:30:00+05:30,170.68,170.95,170.05,170.73,61886,170.70
2026-02-24 10:00:00+05:30,170.89,171.50,170.70,171.11,27557,171.00
2026-02-24 10:30:00+05:30,171.15,171.71,170.72,171.51,23095,171.33
2026-02-24 11:00:00+05:30,171.55,171.72,171.15,171.24,15971,171.40
2026-02-24 11:30:00+05:30,171.25,171.33,170.50,170.70,20260,170.98
2026-02-24 12:00:00+05:30,170.67,170.71,170.15,170.32,22277,170.50
2026-02-24 12:30:00+05:30,170.29,171.00,169.85,169.99,45474,170.14
2026-02-24 13:00:00+05:30,169.99,170.50,169.90,170.36,11815,170.18
2026-02-24 13:30:00+05:30,170.33,170.80,170.01,170.70,16984,170.52
2026-02-24 14:00:00+05:30,170.70,170.87,170.52,170.82,10132,170.76
2026-02-24 14:30:00+05:30,170.77,171.27,170.70,171.19,25369,170.98
2026-02-24 15:00:00+05:30,171.23,171.64,170.70,171.29,55570,171.26
2026-02-25 09:00:00+05:30,171.83,174.45,171.83,173.50,39533,172.67
2026-02-25 09:30:00+05:30,173.51,173.67,171.50,172.22,49667,172.86
2026-02-25 10:00:00+05:30,172.22,172.46,171.50,171.91,84706,172.06
2026-02-25 10:30:00+05:30,171.92,172.47,171.51,172.01,28619,171.96
2026-02-25 11:00:00+05:30,171.87,172.30,171.82,172.19,18878,172.03
2026-02-25 11:30:00+05:30,172.01,172.26,171.75,171.85,11510,171.93
2026-02-25 12:00:00+05:30,171.85,171.95,171.63,171.68,8245,171.76
2026-02-25 12:30:00+05:30,171.70,172.80,171.70,171.84,71380,171.77
2026-02-25 13:00:00+05:30,171.85,172.00,171.27,171.30,32480,171.58
2026-02-25 13:30:00+05:30,171.39,171.77,171.37,171.75,15934,171.57
2026-02-25 14:00:00+05:30,171.75,171.75,171.02,171.43,37194,171.59
2026-02-25 14:30:00+05:30,171.53,171.64,171.10,171.29,22201,171.41
2026-02-25 15:00:00+05:30,171.51,172.00,171.22,171.55,115800,171.53
2026-02-26 09:00:00+05:30,172.10,172.50,171.20,171.55,17034,171.82
2026-02-26 09:30:00+05:30,171.57,172.69,171.55,172.33,36270,171.95
2026-02-26 10:00:00+05:30,172.33,172.53,172.09,172.37,7162,172.35
2026-02-26 10:30:00+05:30,172.22,172.22,171.80,172.00,14847,172.11
2026-02-26 11:00:00+05:30,171.80,171.96,171.50,171.71,19751,171.76
2026-02-26 11:30:00+05:30,171.71,172.17,171.30,171.64,27209,171.68
2026-02-26 12:00:00+05:30,171.64,171.74,171.10,171.20,14268,171.42
2026-02-26 12:30:00+05:30,171.27,171.46,171.00,171.16,21947,171.22
2026-02-26 13:00:00+05:30,171.12,171.45,171.01,171.25,10774,171.18
2026-02-26 13:30:00+05:30,171.25,171.67,171.11,171.46,8920,171.36
2026-02-26 14:00:00+05:30,171.46,171.46,171.10,171.10,6950,171.28
2026-02-26 14:30:00+05:30,171.27,171.46,171.05,171.44,7535,171.36
2026-02-26 15:00:00+05:30,171.43,171.70,171.10,171.33,79651,171.38
2026-02-27 09:00:00+05:30,171.35,171.54,170.13,170.80,33814,171.08
2026-02-27 09:30:00+05:30,170.67,171.11,170.50,170.94,26256,170.80
2026-02-27 10:00:00+05:30,170.94,170.96,167.99,168.58,346236,169.76
2026-02-27 10:30:00+05:30,168.50,169.04,168.50,168.61,48142,168.56
2026-02-27 11:00:00+05:30,168.61,169.08,168.50,168.77,26182,168.69
2026-02-27 11:30:00+05:30,168.77,169.54,168.52,169.47,20651,169.12
2026-02-27 12:00:00+05:30,169.47,169.50,169.00,169.06,10881,169.26
2026-02-27 12:30:00+05:30,169.18,169.38,168.50,168.98,44490,169.08
2026-02-27 13:00:00+05:30,168.98,169.28,168.81,169.28,10795,169.13
2026-02-27 13:30:00+05:30,169.28,169.72,169.08,169.64,13132,169.46
2026-02-27 14:00:00+05:30,169.65,169.79,169.17,169.30,11959,169.48
2026-02-27 14:30:00+05:30,169.33,169.61,169.16,169.43,22658,169.38
2026-02-27 15:00:00+05:30,169.55,169.84,168.08,168.83,156556,169.19
2026-03-02 09:00:00+05:30,166.16,166.40,164.67,165.31,80791,165.74
2026-03-02 09:30:00+05:30,165.63,166.79,165.24,166.69,301536,166.16
2026-03-02 10:00:00+05:30,166.69,166.94,166.30,166.30,177556,166.50
2026-03-02 10:30:00+05:30,166.30,166.89,165.61,165.90,39187,166.10
2026-03-02 11:00:00+05:30,165.88,165.90,165.11,165.27,74331,165.58
2026-03-02 11:30:00+05:30,165.40,165.50,163.19,163.30,115568,164.35
2026-03-02 12:00:00+05:30,163.30,164.93,163.13,163.99,211496,163.65
2026-03-02 12:30:00+05:30,163.99,164.00,163.15,163.67,71972,163.83
2026-03-02 13:00:00+05:30,163.71,163.72,163.08,163.21,33121,163.46
2026-03-02 13:30:00+05:30,163.21,163.36,162.80,162.85,84514,163.03
2026-03-02 14:00:00+05:30,162.88,164.35,162.80,163.68,92894,163.28
2026-03-02 14:30:00+05:30,163.68,164.50,163.54,164.50,65234,164.09
2026-03-02 15:00:00+05:30,164.60,164.99,164.10,164.94,104544,164.77
2026-03-04 09:00:00+05:30,162.26,162.37,159.56,160.06,130635,161.16
2026-03-04 09:30:00+05:30,160.15,160.62,158.97,159.50,161371,159.82
2026-03-04 10:00:00+05:30,159.51,160.88,159.18,160.70,96978,160.10
2026-03-04 10:30:00+05:30,160.73,160.80,159.84,160.00,37890,160.36
2026-03-04 11:00:00+05:30,160.04,161.00,160.04,160.10,38951,160.07
2026-03-04 11:30:00+05:30,160.10,160.10,159.22,159.37,47941,159.74
2026-03-04 12:00:00+05:30,159.37,159.50,158.60,158.70,51278,159.04
2026-03-04 12:30:00+05:30,158.73,159.03,158.56,159.00,41785,158.86
2026-03-04 13:00:00+05:30,159.00,159.59,158.47,159.27,91746,159.14
2026-03-04 13:30:00+05:30,159.27,159.27,158.21,158.31,60628,158.79
2026-03-04 14:00:00+05:30,158.43,159.00,158.13,158.71,64309,158.57
2026-03-04 14:30:00+05:30,158.71,159.47,158.40,159.20,59323,158.95
2026-03-04 15:00:00+05:30,159.20,159.29,158.00,158.47,211391,158.83
2026-03-05 09:00:00+05:30,159.28,160.80,159.01,159.01,77275,159.14
2026-03-05 09:30:00+05:30,159.04,161.66,159.03,161.27,131297,160.16
2026-03-05 10:00:00+05:30,161.25,161.50,160.44,160.63,44095,160.94
2026-03-05 10:30:00+05:30,160.60,161.76,160.60,161.65,46846,161.12
2026-03-05 11:00:00+05:30,161.66,162.15,161.14,161.58,47042,161.62
2026-03-05 11:30:00+05:30,161.60,161.60,159.20,159.20,46229,160.40
2026-03-05 12:00:00+05:30,159.27,159.60,159.10,159.55,19414,159.41
2026-03-05 12:30:00+05:30,159.63,159.88,159.02,159.26,59031,159.44
2026-03-05 13:00:00+05:30,159.44,159.49,157.99,158.40,139182,158.92
2026-03-05 13:30:00+05:30,158.32,158.61,155.00,155.64,282827,156.98
2026-03-05 14:00:00+05:30,155.55,155.78,155.15,155.25,135405,155.40
2026-03-05 14:30:00+05:30,155.22,157.07,154.81,156.89,310202,156.06
2026-03-05 15:00:00+05:30,157.02,157.95,156.89,157.95,209864,157.49
2026-03-06 09:00:00+05:30,157.95,159.09,157.25,158.90,35976,158.43
2026-03-06 09:30:00+05:30,159.00,159.45,158.60,159.10,94492,159.05
2026-03-06 10:00:00+05:30,159.10,160.48,158.99,159.89,102489,159.50
2026-03-06 10:30:00+05:30,159.89,159.89,158.41,158.79,47551,159.34
2026-03-06 11:00:00+05:30,158.75,158.99,157.90,158.00,55310,158.38
2026-03-06 11:30:00+05:30,158.01,158.46,158.01,158.35,14027,158.18
2026-03-06 12:00:00+05:30,158.35,158.47,157.86,158.16,19093,158.26
2026-03-06 12:30:00+05:30,158.23,158.46,157.84,158.24,78808,158.24
2026-03-06 13:00:00+05:30,158.24,159.15,158.06,158.89,50856,158.56
2026-03-06 13:30:00+05:30,158.90,159.04,158.26,158.73,41655,158.82
2026-03-06 14:00:00+05:30,158.85,158.99,158.41,158.78,18280,158.82
2026-03-06 14:30:00+05:30,158.79,158.79,157.51,157.63,81584,158.21
2026-03-06 15:00:00+05:30,157.75,157.90,157.00,157.20,120291,157.48
2026-03-09 09:00:00+05:30,153.20,154.39,150.21,150.50,83970,151.85
2026-03-09 09:30:00+05:30,150.56,151.18,149.74,150.90,197946,150.73
2026-03-09 10:00:00+05:30,150.91,151.76,150.50,151.50,112442,151.20
2026-03-09 10:30:00+05:30,151.49,151.86,150.71,151.66,54022,151.57
2026-03-09 11:00:00+05:30,151.78,152.33,150.91,152.19,57000,151.99
2026-03-09 11:30:00+05:30,152.18,152.48,151.01,151.19,33644,151.68
2026-03-09 12:00:00+05:30,151.19,151.36,150.88,151.30,31268,151.24
2026-03-09 12:30:00+05:30,151.32,151.39,150.80,151.18,44717,151.25
2026-03-09 13:00:00+05:30,151.18,151.43,150.25,150.56,84838,150.87
2026-03-09 13:30:00+05:30,150.56,150.83,149.90,149.95,55394,150.26
2026-03-09 14:00:00+05:30,149.95,150.19,149.70,150.05,49223,150.00
2026-03-09 14:30:00+05:30,149.89,150.34,149.54,149.93,81749,149.91
2026-03-09 15:00:00+05:30,149.99,150.87,149.94,150.75,171147,150.37
2026-03-10 09:00:00+05:30,153.00,153.96,151.45,152.00,90662,152.50
2026-03-10 09:30:00+05:30,151.97,152.00,150.32,151.40,146670,151.68
2026-03-10 10:00:00+05:30,151.34,155.55,151.32,154.65,243021,153.00
2026-03-10 10:30:00+05:30,154.48,157.19,153.79,156.85,303566,155.66
2026-03-10 11:00:00+05:30,156.79,160.40,156.25,156.50,728013,156.64
2026-03-10 11:30:00+05:30,156.57,159.20,155.86,159.05,234032,157.81
2026-03-10 12:00:00+05:30,159.16,160.50,158.90,159.70,331202,159.43
2026-03-10 12:30:00+05:30,159.80,166.45,159.55,165.96,1631866,162.88
2026-03-10 13:00:00+05:30,165.90,165.91,161.70,161.78,796396,163.84
2026-03-10 13:30:00+05:30,161.86,163.00,161.03,161.66,238518,161.76
2026-03-10 14:00:00+05:30,161.66,162.88,161.21,161.86,192484,161.76
2026-03-10 14:30:00+05:30,162.08,164.85,162.02,163.48,885363,162.78
2026-03-10 15:00:00+05:30,163.56,163.83,162.43,162.59,475417,163.07
2026-03-11 09:00:00+05:30,163.12,164.39,162.27,162.82,93879,162.97
2026-03-11 09:30:00+05:30,162.82,165.31,162.13,164.98,285824,163.90
2026-03-11 10:00:00+05:30,164.87,165.90,163.50,163.50,235916,164.18
2026-03-11 10:30:00+05:30,163.50,163.79,162.36,162.64,64122,163.07
2026-03-11 11:00:00+05:30,162.83,163.47,162.30,162.84,61089,162.84
2026-03-11 11:30:00+05:30,162.84,163.18,162.55,162.90,93293,162.87
2026-03-11 12:00:00+05:30,162.78,163.19,162.15,162.39,29521,162.58
2026-03-11 12:30:00+05:30,162.25,162.68,162.12,162.31,31287,162.28
2026-03-11 13:00:00+05:30,162.40,163.00,161.78,162.56,74472,162.48
2026-03-11 13:30:00+05:30,162.50,162.76,162.00,162.34,35079,162.42
2026-03-11 14:00:00+05:30,162.34,163.31,161.90,162.90,127525,162.62
2026-03-11 14:30:00+05:30,162.89,162.89,161.64,161.64,80544,162.26
2026-03-11 15:00:00+05:30,161.76,161.95,160.10,160.40,209226,161.08
2026-03-12 09:00:00+05:30,158.88,158.98,156.25,158.91,76340,158.89
2026-03-12 09:30:00+05:30,158.66,158.90,157.70,158.72,71606,158.69
2026-03-12 10:00:00+05:30,158.71,158.75,156.66,157.39,78029,158.05
2026-03-12 10:30:00+05:30,157.38,159.20,157.30,159.06,77153,158.22
2026-03-12 11:00:00+05:30,159.25,160.30,158.88,159.63,135440,159.44
2026-03-12 11:30:00+05:30,159.50,161.52,159.30,160.85,97243,160.18
2026-03-12 12:00:00+05:30,160.47,160.47,157.93,158.78,407486,159.62
2026-03-12 12:30:00+05:30,158.79,160.07,158.00,159.42,120663,159.10
2026-03-12 13:00:00+05:30,159.43,159.85,158.00,159.82,226596,159.62
2026-03-12 13:30:00+05:30,159.80,160.80,159.15,159.23,69504,159.51
2026-03-12 14:00:00+05:30,159.24,160.00,159.05,159.67,46582,159.45
2026-03-12 14:30:00+05:30,159.67,160.20,158.66,159.20,55653,159.44
2026-03-12 15:00:00+05:30,159.31,159.97,159.05,159.48,147021,159.39
2026-03-13 09:00:00+05:30,159.64,163.77,159.64,163.77,196481,161.70
2026-03-13 09:30:00+05:30,163.45,163.45,158.26,158.40,310066,160.93
2026-03-13 10:00:00+05:30,158.42,158.63,156.76,157.57,115949,158.00
2026-03-13 10:30:00+05:30,157.57,157.91,156.85,157.22,79665,157.39
2026-03-13 11:00:00+05:30,157.30,157.91,156.43,157.91,67788,157.61
2026-03-13 11:30:00+05:30,157.91,158.50,157.62,157.86,55517,157.88
2026-03-13 12:00:00+05:30,157.95,157.95,156.46,156.66,41333,157.30
2026-03-13 12:30:00+05:30,156.60,156.67,155.70,155.90,86967,156.25
2026-03-13 13:00:00+05:30,155.85,156.37,155.66,156.37,39173,156.11
2026-03-13 13:30:00+05:30,156.25,156.25,154.90,155.00,444618,155.62
2026-03-13 14:00:00+05:30,155.01,156.41,155.00,156.03,46987,155.52
2026-03-13 14:30:00+05:30,156.22,157.05,156.20,156.67,82958,156.44
2026-03-13 15:00:00+05:30,156.50,156.70,155.63,156.11,136254,156.30
2026-03-16 09:00:00+05:30,156.39,156.39,152.33,153.50,107020,154.94
2026-03-16 09:30:00+05:30,153.70,154.55,153.08,153.83,110940,153.76
2026-03-16 10:00:00+05:30,153.73,154.45,151.95,152.05,103825,152.89
2026-03-16 10:30:00+05:30,152.53,152.54,150.60,151.81,72078,152.17
2026-03-16 11:00:00+05:30,151.95,152.70,151.15,152.17,38097,152.06
2026-03-16 11:30:00+05:30,152.17,152.73,151.95,152.05,55761,152.11
2026-03-16 12:00:00+05:30,152.24,152.80,151.29,151.80,66464,152.02
2026-03-16 12:30:00+05:30,151.80,152.21,151.10,151.40,33995,151.60
2026-03-16 13:00:00+05:30,151.40,151.86,151.05,151.40,71765,151.40
2026-03-16 13:30:00+05:30,151.43,152.11,151.22,151.64,31099,151.54
2026-03-16 14:00:00+05:30,151.74,152.84,151.50,152.75,44017,152.24
2026-03-16 14:30:00+05:30,152.75,158.09,152.75,156.39,368626,154.57
2026-03-16 15:00:00+05:30,156.42,156.42,153.71,154.40,244645,155.41
2026-03-17 09:00:00+05:30,155.81,156.31,153.60,156.05,115067,155.93
2026-03-17 09:30:00+05:30,156.10,156.10,154.59,155.62,64971,155.86
2026-03-17 10:00:00+05:30,155.70,156.65,155.36,155.36,59620,155.53
2026-03-17 10:30:00+05:30,155.62,156.70,155.02,156.60,69013,156.11
2026-03-17 11:00:00+05:30,156.60,157.08,155.40,155.50,79187,156.05
2026-03-17 11:30:00+05:30,155.53,157.19,155.52,156.38,45375,155.95
2026-03-17 12:00:00+05:30,156.37,156.90,155.94,156.60,42633,156.49
2026-03-17 12:30:00+05:30,156.54,157.59,156.33,157.39,71277,156.96
2026-03-17 13:00:00+05:30,157.40,157.50,156.96,157.20,14127,157.30
2026-03-17 13:30:00+05:30,157.22,157.91,156.71,157.11,41904,157.17
2026-03-17 14:00:00+05:30,157.10,157.38,156.64,156.88,29976,156.99
2026-03-17 14:30:00+05:30,156.89,157.20,156.25,157.10,53906,157.00
2026-03-17 15:00:00+05:30,157.15,157.39,156.26,156.83,107672,156.99
2026-03-18 09:00:00+05:30,158.06,158.78,157.47,158.50,59157,158.28
2026-03-18 09:30:00+05:30,158.47,161.00,158.31,160.01,258735,159.24
2026-03-18 10:00:00+05:30,159.96,160.25,159.09,159.82,63411,159.89
2026-03-18 10:30:00+05:30,159.89,160.53,159.65,160.50,42109,160.20
2026-03-18 11:00:00+05:30,160.40,160.60,160.28,160.49,36673,160.44
2026-03-18 11:30:00+05:30,160.40,160.75,160.30,160.68,30202,160.54
2026-03-18 12:00:00+05:30,160.68,161.09,160.21,160.87,77002,160.78
2026-03-18 12:30:00+05:30,160.87,161.54,160.57,161.20,54691,161.04
2026-03-18 13:00:00+05:30,161.21,161.88,161.16,161.50,27881,161.36
2026-03-18 13:30:00+05:30,161.50,161.70,161.21,161.57,33523,161.54
2026-03-18 14:00:00+05:30,161.57,162.40,161.34,162.23,62572,161.90
2026-03-18 14:30:00+05:30,162.23,162.24,161.02,161.27,50533,161.75
2026-03-18 15:00:00+05:30,161.34,161.37,160.25,160.84,139561,161.09
2026-03-19 09:00:00+05:30,157.85,160.00,157.72,159.60,84888,158.72
2026-03-19 09:30:00+05:30,159.60,159.76,158.56,158.81,60266,159.20
2026-03-19 10:00:00+05:30,158.71,159.04,158.11,158.43,51549,158.57
2026-03-19 10:30:00+05:30,158.47,158.74,158.00,158.01,39468,158.24
2026-03-19 11:00:00+05:30,158.02,158.14,157.52,157.67,38680,157.84
2026-03-19 11:30:00+05:30,157.72,158.30,157.72,157.94,17469,157.83
2026-03-19 12:00:00+05:30,157.94,158.11,157.72,157.94,31673,157.94
2026-03-19 12:30:00+05:30,157.73,158.19,157.05,157.40,62128,157.56
2026-03-19 13:00:00+05:30,157.40,157.45,156.90,156.95,28914,157.18
2026-03-19 13:30:00+05:30,156.95,157.20,156.49,156.50,32620,156.72
2026-03-19 14:00:00+05:30,156.51,156.65,155.61,155.95,41468,156.23
2026-03-19 14:30:00+05:30,156.05,156.25,155.05,155.17,62716,155.61
2026-03-19 15:00:00+05:30,155.20,155.59,155.00,155.50,111982,155.35
2026-03-20 09:00:00+05:30,157.89,158.80,156.79,158.59,52483,158.24
2026-03-20 09:30:00+05:30,158.55,158.73,157.52,157.58,63064,158.06
2026-03-20 10:00:00+05:30,157.71,157.85,157.06,157.66,24214,157.68
2026-03-20 10:30:00+05:30,157.70,157.90,157.52,157.67,10970,157.68
2026-03-20 11:00:00+05:30,157.69,158.17,157.11,157.75,22266,157.72
2026-03-20 11:30:00+05:30,157.84,157.90,156.74,156.74,38271,157.29
2026-03-20 12:00:00+05:30,156.80,156.92,155.84,156.82,44644,156.81
2026-03-20 12:30:00+05:30,156.78,156.82,156.29,156.43,39301,156.61
2026-03-20 13:00:00+05:30,156.35,157.40,156.15,157.08,95252,156.72
2026-03-20 13:30:00+05:30,157.07,157.07,156.28,156.56,40065,156.82
2026-03-20 14:00:00+05:30,156.56,156.94,156.20,156.28,12345,156.42
2026-03-20 14:30:00+05:30,156.29,156.50,155.36,155.64,45887,155.96
2026-03-20 15:00:00+05:30,155.56,155.56,153.25,153.95,587450,154.76
2026-03-23 09:00:00+05:30,152.00,152.00,149.18,149.60,63302,150.80
2026-03-23 09:30:00+05:30,149.44,149.83,148.71,148.71,156762,149.07
2026-03-23 10:00:00+05:30,148.87,148.88,147.35,147.55,91015,148.21
2026-03-23 10:30:00+05:30,147.55,148.73,147.33,147.80,86903,147.68
2026-03-23 11:00:00+05:30,147.66,148.59,147.37,148.33,46220,148.00
2026-03-23 11:30:00+05:30,148.34,148.50,147.41,147.75,96993,148.05
2026-03-23 12:00:00+05:30,147.85,148.18,147.19,147.82,25704,147.83
2026-03-23 12:30:00+05:30,147.78,147.97,146.73,146.93,73700,147.36
2026-03-23 13:00:00+05:30,146.99,147.78,146.80,147.30,39114,147.15
2026-03-23 13:30:00+05:30,147.40,149.40,147.40,148.79,49751,148.10
2026-03-23 14:00:00+05:30,148.75,149.50,148.40,148.40,82750,148.57
2026-03-23 14:30:00+05:30,148.40,148.59,147.46,147.87,76541,148.14
2026-03-23 15:00:00+05:30,147.50,147.76,146.50,147.00,122006,147.25
2026-03-24 09:00:00+05:30,149.80,150.08,148.08,149.34,52099,149.57
2026-03-24 09:30:00+05:30,149.40,149.71,148.00,148.60,81258,149.00
2026-03-24 10:00:00+05:30,148.50,148.64,147.63,147.64,51195,148.07
2026-03-24 10:30:00+05:30,147.65,147.65,145.38,146.37,101465,147.01
2026-03-24 11:00:00+05:30,146.37,147.80,146.31,147.42,44219,146.89
2026-03-24 11:30:00+05:30,147.42,148.35,147.24,148.34,51022,147.88
2026-03-24 12:00:00+05:30,148.37,149.60,148.10,148.76,77243,148.56
2026-03-24 12:30:00+05:30,148.86,150.60,148.73,150.33,82051,149.60
2026-03-24 13:00:00+05:30,150.34,151.00,149.87,150.83,77829,150.58
2026-03-24 13:30:00+05:30,150.83,151.00,149.88,150.10,61377,150.46
2026-03-24 14:00:00+05:30,150.10,151.11,149.86,150.76,47444,150.43
2026-03-24 14:30:00+05:30,150.78,150.78,149.10,149.67,124306,150.22
2026-03-24 15:00:00+05:30,149.77,149.77,148.00,149.00,367626,149.38
2026-03-25 09:00:00+05:30,150.23,153.42,150.23,153.03,49409,151.63
2026-03-25 09:30:00+05:30,152.99,153.50,152.18,153.16,117787,153.07
2026-03-25 10:00:00+05:30,153.39,153.50,153.00,153.35,65833,153.37
2026-03-25 10:30:00+05:30,153.26,153.77,153.20,153.25,52206,153.26
2026-03-25 11:00:00+05:30,153.24,153.63,152.50,152.50,76156,152.87
2026-03-25 11:30:00+05:30,152.60,152.75,151.75,151.93,74529,152.26
2026-03-25 12:00:00+05:30,151.92,152.88,151.92,152.30,121232,152.11
2026-03-25 12:30:00+05:30,152.29,152.47,151.38,151.50,142810,151.89
2026-03-25 13:00:00+05:30,151.49,151.73,151.30,151.69,39307,151.59
2026-03-25 13:30:00+05:30,151.68,152.20,151.55,152.16,35145,151.92
2026-03-25 14:00:00+05:30,152.16,152.66,151.31,151.55,80249,151.86
2026-03-25 14:30:00+05:30,151.53,151.80,150.90,151.15,77667,151.34
2026-03-25 15:00:00+05:30,151.15,151.44,151.00,151.01,139975,151.08
2026-03-27 09:00:00+05:30,150.80,152.73,150.01,151.35,159126,151.07
2026-03-27 09:30:00+05:30,151.25,152.11,148.02,148.15,244111,149.70
2026-03-27 10:00:00+05:30,147.97,148.00,146.36,146.44,188331,147.20
2026-03-27 10:30:00+05:30,146.48,146.85,145.61,146.14,208867,146.31
2026-03-27 11:00:00+05:30,146.14,146.60,145.80,146.22,76023,146.18
2026-03-27 11:30:00+05:30,146.22,146.79,145.89,146.09,72955,146.16
2026-03-27 12:00:00+05:30,146.08,146.71,145.80,146.71,56830,146.40
2026-03-27 12:30:00+05:30,146.55,146.55,145.40,145.73,153194,146.14
2026-03-27 13:00:00+05:30,145.76,146.29,145.50,145.70,104931,145.73
2026-03-27 13:30:00+05:30,145.70,145.90,145.28,145.31,86477,145.50
2026-03-27 14:00:00+05:30,145.31,145.80,145.15,145.45,156054,145.38
2026-03-27 14:30:00+05:30,145.45,145.55,144.99,145.03,149087,145.24
2026-03-27 15:00:00+05:30,144.85,144.96,144.12,144.55,358005,144.70
2026-03-30 09:00:00+05:30,143.60,145.11,141.60,144.51,101452,144.06
2026-03-30 09:30:00+05:30,144.71,145.77,144.01,144.16,165812,144.44
2026-03-30 10:00:00+05:30,144.17,144.31,142.21,142.21,101200,143.19
2026-03-30 10:30:00+05:30,142.32,143.10,142.10,142.27,78039,142.30
2026-03-30 11:00:00+05:30,142.15,142.50,141.64,141.89,78135,142.02
2026-03-30 11:30:00+05:30,141.88,142.64,141.87,142.43,36919,142.16
2026-03-30 12:00:00+05:30,142.44,143.29,142.30,142.46,65870,142.45
2026-03-30 12:30:00+05:30,142.45,142.91,142.45,142.53,51069,142.49
2026-03-30 13:00:00+05:30,142.53,143.19,142.30,142.52,64417,142.52
2026-03-30 13:30:00+05:30,142.65,142.90,141.20,141.37,76826,142.01
2026-03-30 14:00:00+05:30,141.34,142.04,140.73,140.97,87084,141.16
2026-03-30 14:30:00+05:30,140.95,141.16,139.66,139.78,148720,140.36
2026-03-30 15:00:00+05:30,139.86,139.86,138.98,139.22,331899,139.54
2026-04-01 09:00:00+05:30,144.90,146.27,143.33,146.22,109691,145.56
2026-04-01 09:30:00+05:30,146.27,147.20,144.65,146.65,185148,146.46
2026-04-01 10:00:00+05:30,146.65,147.05,145.80,145.87,103483,146.26
2026-04-01 10:30:00+05:30,146.00,147.00,146.00,146.80,45746,146.40
2026-04-01 11:00:00+05:30,146.77,147.30,146.22,147.24,70147,147.00
2026-04-01 11:30:00+05:30,147.21,148.20,147.21,147.78,93353,147.50
2026-04-01 12:00:00+05:30,147.75,148.86,147.73,148.66,81214,148.20
2026-04-01 12:30:00+05:30,148.66,148.80,148.29,148.29,72618,148.48
2026-04-01 13:00:00+05:30,148.27,148.52,147.74,148.28,34518,148.28
2026-04-01 13:30:00+05:30,148.43,148.43,147.13,147.73,60470,148.08
2026-04-01 14:00:00+05:30,147.73,148.11,147.59,147.88,27917,147.80
2026-04-01 14:30:00+05:30,147.88,147.98,146.87,147.43,59723,147.66
2026-04-01 15:00:00+05:30,147.55,149.12,147.52,148.98,183492,148.26
2026-04-02 09:00:00+05:30,144.60,144.69,143.64,144.41,60503,144.50
2026-04-02 09:30:00+05:30,144.30,144.46,143.75,144.27,59160,144.29
2026-04-02 10:00:00+05:30,144.10,144.28,143.53,144.05,64806,144.07
2026-04-02 10:30:00+05:30,144.14,144.63,144.03,144.48,16949,144.31
2026-04-02 11:00:00+05:30,144.60,145.17,144.10,144.93,40829,144.76
2026-04-02 11:30:00+05:30,144.93,145.74,144.80,145.41,37803,145.17
2026-04-02 12:00:00+05:30,145.39,145.60,144.65,145.24,46856,145.32
2026-04-02 12:30:00+05:30,145.24,147.70,145.24,147.69,94107,146.46
2026-04-02 13:00:00+05:30,147.70,149.68,147.70,149.68,141875,148.69
2026-04-02 13:30:00+05:30,149.61,150.61,149.40,150.25,121883,149.93
2026-04-02 14:00:00+05:30,150.19,151.35,150.18,150.89,112564,150.54
2026-04-02 14:30:00+05:30,150.89,151.09,149.62,151.08,107809,150.99
2026-04-02 15:00:00+05:30,151.33,152.40,151.27,151.75,164960,151.54
2026-04-06 09:00:00+05:30,153.59,153.59,150.19,150.19,58553,151.89
2026-04-06 09:30:00+05:30,150.19,152.00,149.98,150.55,131735,150.37
2026-04-06 10:00:00+05:30,150.33,151.60,150.00,151.50,55831,150.92
2026-04-06 10:30:00+05:30,151.49,152.44,150.63,151.95,67810,151.72
2026-04-06 11:00:00+05:30,151.95,151.99,150.26,151.00,38027,151.48
2026-04-06 11:30:00+05:30,151.09,151.65,150.77,151.65,28494,151.37
2026-04-06 12:00:00+05:30,151.75,151.75,151.27,151.45,36525,151.60
2026-04-06 12:30:00+05:30,151.46,151.60,150.60,151.48,58844,151.47
2026-04-06 13:00:00+05:30,151.50,152.21,151.02,151.92,39390,151.71
2026-04-06 13:30:00+05:30,151.90,152.03,151.30,151.64,36712,151.77
2026-04-06 14:00:00+05:30,151.64,152.40,151.57,151.92,69868,151.78
2026-04-06 14:30:00+05:30,151.92,152.33,151.60,151.89,38025,151.90
2026-04-06 15:00:00+05:30,151.87,152.97,151.87,151.99,122124,151.93
2026-04-07 09:00:00+05:30,151.45,154.84,150.90,154.20,78261,152.82
2026-04-07 09:30:00+05:30,154.07,154.54,152.60,153.85,87579,153.96
2026-04-07 10:00:00+05:30,153.78,154.80,153.75,154.67,59455,154.22
2026-04-07 10:30:00+05:30,154.67,154.88,153.92,154.00,47785,154.33
2026-04-07 11:00:00+05:30,154.09,154.14,153.68,154.14,34784,154.12
2026-04-07 11:30:00+05:30,154.09,154.63,153.90,154.50,36678,154.30
2026-04-07 12:00:00+05:30,154.50,154.88,153.81,153.90,58993,154.20
2026-04-07 12:30:00+05:30,153.93,154.24,153.70,153.79,22996,153.86
2026-04-07 13:00:00+05:30,153.70,153.99,153.46,153.97,42762,153.83
2026-04-07 13:30:00+05:30,153.89,154.41,153.36,153.50,51693,153.70
2026-04-07 14:00:00+05:30,153.56,153.75,153.32,153.55,16388,153.56
2026-04-07 14:30:00+05:30,153.50,153.71,153.25,153.64,41323,153.57
2026-04-07 15:00:00+05:30,153.62,154.00,153.01,153.55,153843,153.58
2026-04-08 09:00:00+05:30,158.97,158.97,157.36,157.51,83885,158.24
2026-04-08 09:30:00+05:30,157.66,159.16,157.60,158.64,148686,158.15
2026-04-08 10:00:00+05:30,158.64,159.29,158.64,159.12,76357,158.88
2026-04-08 10:30:00+05:30,159.12,159.88,159.07,159.53,100735,159.32
2026-04-08 11:00:00+05:30,159.53,159.80,159.38,159.52,29399,159.52
2026-04-08 11:30:00+05:30,159.42,159.42,158.60,158.90,44665,159.16
2026-04-08 12:00:00+05:30,158.90,160.10,158.78,159.80,104407,159.35
2026-04-08 12:30:00+05:30,159.79,161.47,159.60,160.55,175645,160.17
2026-04-08 13:00:00+05:30,160.58,160.87,160.50,160.72,33475,160.65
2026-04-08 13:30:00+05:30,160.72,160.95,160.10,160.39,57453,160.56
2026-04-08 14:00:00+05:30,160.24,161.40,159.90,160.90,69398,160.57
2026-04-08 14:30:00+05:30,160.81,161.10,160.53,160.75,38163,160.78
2026-04-08 15:00:00+05:30,160.68,161.17,160.34,161.17,111450,160.93
2026-04-09 09:00:00+05:30,162.50,165.66,161.99,163.62,194154,163.06
2026-04-09 09:30:00+05:30,163.50,163.75,161.01,161.11,213957,162.30
2026-04-09 10:00:00+05:30,161.10,162.89,160.59,162.89,214096,162.00
2026-04-09 10:30:00+05:30,162.89,163.00,162.50,162.70,38489,162.79
2026-04-09 11:00:00+05:30,162.70,163.40,162.70,163.17,57491,162.94
2026-04-09 11:30:00+05:30,163.17,163.40,162.80,163.12,53844,163.14
2026-04-09 12:00:00+05:30,163.20,163.70,162.87,163.42,47095,163.31
2026-04-09 12:30:00+05:30,163.35,163.43,162.50,162.94,26558,163.14
2026-04-09 13:00:00+05:30,162.94,163.12,161.82,161.82,49286,162.38
2026-04-09 13:30:00+05:30,161.69,162.00,161.52,161.83,20662,161.76
2026-04-09 14:00:00+05:30,161.83,162.39,161.43,161.50,54269,161.67
2026-04-09 14:30:00+05:30,161.52,161.84,161.32,161.56,31894,161.54
2026-04-09 15:00:00+05:30,161.57,162.60,160.54,161.52,214811,161.55
2026-04-10 09:00:00+05:30,162.00,164.25,162.00,163.86,56129,162.93
2026-04-10 09:30:00+05:30,163.99,164.82,163.15,164.20,101753,164.10
2026-04-10 10:00:00+05:30,164.20,165.45,163.52,165.13,133896,164.66
2026-04-10 10:30:00+05:30,165.13,165.60,164.75,165.25,73427,165.19
2026-04-10 11:00:00+05:30,165.25,165.30,164.70,165.03,67725,165.14
2026-04-10 11:30:00+05:30,165.05,165.15,164.32,164.60,15294,164.82
2026-04-10 12:00:00+05:30,164.59,164.90,163.61,164.00,40771,164.30
2026-04-10 12:30:00+05:30,164.08,164.51,163.33,163.52,112692,163.80
2026-04-10 13:00:00+05:30,163.47,164.34,163.47,164.31,38555,163.89
2026-04-10 13:30:00+05:30,164.31,164.70,163.89,164.40,148306,164.36
2026-04-10 14:00:00+05:30,164.40,164.72,163.18,163.61,62893,164.00
2026-04-10 14:30:00+05:30,163.63,163.67,162.72,163.24,77822,163.44
2026-04-10 15:00:00+05:30,163.14,164.75,163.09,164.75,100456,163.94
2026-04-13 09:00:00+05:30,160.35,161.17,158.50,160.69,65606,160.52
2026-04-13 09:30:00+05:30,160.43,163.80,160.36,163.75,183503,162.09
2026-04-13 10:00:00+05:30,163.89,167.59,163.43,166.95,259687,165.42
2026-04-13 10:30:00+05:30,166.95,167.73,165.59,167.38,235622,167.16
2026-04-13 11:00:00+05:30,167.25,167.43,166.41,167.06,123319,167.16
2026-04-13 11:30:00+05:30,167.00,168.49,166.93,167.93,158614,167.46
2026-04-13 12:00:00+05:30,167.95,168.73,167.83,168.67,98520,168.31
2026-04-13 12:30:00+05:30,168.78,169.30,168.00,168.38,166157,168.58
2026-04-13 13:00:00+05:30,168.35,168.37,167.81,168.33,35110,168.34
2026-04-13 13:30:00+05:30,168.36,168.53,168.02,168.50,39362,168.43
2026-04-13 14:00:00+05:30,168.50,168.50,167.50,167.79,55251,168.14
2026-04-13 14:30:00+05:30,167.78,168.15,167.55,168.00,35113,167.89
2026-04-13 15:00:00+05:30,167.71,168.05,166.85,167.44,187961,167.58
2026-04-15 09:00:00+05:30,169.00,171.33,168.75,169.01,113037,169.00
2026-04-15 09:30:00+05:30,169.21,170.10,168.66,169.65,74311,169.43
2026-04-15 10:00:00+05:30,169.65,170.08,168.73,168.73,89795,169.19
2026-04-15 10:30:00+05:30,168.70,169.03,168.55,168.92,37488,168.81
2026-04-15 11:00:00+05:30,168.90,168.95,168.40,168.40,44770,168.65
2026-04-15 11:30:00+05:30,168.40,169.28,168.38,169.00,25642,168.70
2026-04-15 12:00:00+05:30,169.15,169.50,169.00,169.38,30062,169.26
2026-04-15 12:30:00+05:30,169.45,169.92,169.27,169.60,110503,169.52
2026-04-15 13:00:00+05:30,169.75,169.92,169.48,169.69,47209,169.72
2026-04-15 13:30:00+05:30,169.68,170.25,169.30,169.95,102208,169.82
2026-04-15 14:00:00+05:30,169.77,169.98,168.75,168.91,112703,169.34
2026-04-15 14:30:00+05:30,168.94,169.10,168.56,169.09,83777,169.02
2026-04-15 15:00:00+05:30,169.10,169.42,168.54,168.93,185836,169.02
2026-04-16 09:00:00+05:30,169.10,171.45,169.10,170.75,34223,169.92
2026-04-16 09:30:00+05:30,170.75,170.75,168.58,168.58,112447,169.67
2026-04-16 10:00:00+05:30,168.62,169.65,168.58,169.65,57047,169.14
2026-04-16 10:30:00+05:30,169.50,169.81,169.42,169.57,32980,169.54
2026-04-16 11:00:00+05:30,169.67,171.55,169.67,170.74,146273,170.20
2026-04-16 11:30:00+05:30,170.74,170.95,168.65,168.65,54826,169.70
2026-04-16 12:00:00+05:30,168.66,169.24,168.40,169.13,33868,168.90
2026-04-16 12:30:00+05:30,169.12,169.90,168.99,169.37,20218,169.24
2026-04-16 13:00:00+05:30,169.50,169.92,169.25,169.67,16759,169.58
2026-04-16 13:30:00+05:30,169.85,171.00,169.72,170.94,64119,170.40
2026-04-16 14:00:00+05:30,171.00,171.44,170.41,171.00,85880,171.00
2026-04-16 14:30:00+05:30,170.87,171.98,170.55,170.88,199592,170.88
2026-04-16 15:00:00+05:30,170.88,171.55,170.35,171.51,171450,171.20
2026-04-17 09:00:00+05:30,171.05,174.99,171.05,173.50,183203,172.28
2026-04-17 09:30:00+05:30,173.50,175.89,173.05,174.35,433315,173.92
2026-04-17 10:00:00+05:30,174.50,174.54,172.90,173.00,119474,173.75
2026-04-17 10:30:00+05:30,173.00,173.00,172.22,172.60,86302,172.80
2026-04-17 11:00:00+05:30,172.43,172.60,171.80,172.30,54950,172.36
2026-04-17 11:30:00+05:30,172.30,172.83,172.30,172.50,20337,172.40
2026-04-17 12:00:00+05:30,172.38,172.75,172.00,172.66,38303,172.52
2026-04-17 12:30:00+05:30,172.66,172.94,172.45,172.70,20964,172.68
2026-04-17 13:00:00+05:30,172.70,173.44,172.66,173.43,31365,173.06
2026-04-17 13:30:00+05:30,173.41,173.68,173.05,173.14,31794,173.27
2026-04-17 14:00:00+05:30,173.14,173.29,172.86,172.97,20079,173.06
2026-04-17 14:30:00+05:30,172.98,174.19,172.77,174.11,134939,173.54
2026-04-17 15:00:00+05:30,174.10,174.70,173.53,174.00,192677,174.05
2026-04-20 09:00:00+05:30,173.60,173.60,171.25,172.21,39732,172.90
2026-04-20 09:30:00+05:30,172.18,172.43,171.01,171.81,61488,172.00
2026-04-20 10:00:00+05:30,171.78,172.10,171.58,172.00,7306,171.89
2026-04-20 15:00:00+05:30,174.07,174.07,171.10,171.52,409587,172.80
2026-04-21 09:00:00+05:30,172.00,174.29,171.81,173.12,70904,172.56
2026-04-21 09:30:00+05:30,173.20,174.91,173.20,173.85,150355,173.52
2026-04-21 10:00:00+05:30,173.79,174.10,173.50,173.61,35873,173.70
2026-04-21 10:30:00+05:30,173.60,173.90,173.40,173.55,30528,173.58
2026-04-21 11:00:00+05:30,173.59,173.65,173.10,173.23,15052,173.41
2026-04-21 11:30:00+05:30,173.23,173.44,173.05,173.11,30349,173.17
2026-04-21 12:00:00+05:30,173.05,174.14,171.54,173.91,27524,173.48
2026-04-21 12:30:00+05:30,174.06,174.06,173.30,173.35,10784,173.70
2026-04-21 13:00:00+05:30,173.35,173.35,173.06,173.20,17210,173.27
2026-04-21 13:30:00+05:30,173.09,173.58,172.66,172.66,23441,172.88
2026-04-21 14:00:00+05:30,172.79,174.08,172.67,174.00,60833,173.40
2026-04-21 14:30:00+05:30,173.99,174.85,173.99,174.78,88152,174.38
2026-04-21 15:00:00+05:30,174.84,175.41,174.26,174.60,212940,174.72
2026-04-22 09:00:00+05:30,174.00,174.90,173.80,174.17,29746,174.08
2026-04-22 09:30:00+05:30,174.25,175.72,174.08,174.75,129170,174.50
2026-04-22 10:00:00+05:30,174.71,174.91,174.27,174.80,47180,174.76
2026-04-22 10:30:00+05:30,174.65,175.50,174.45,174.83,53377,174.74
2026-04-22 11:00:00+05:30,175.00,175.06,174.61,174.62,15818,174.81
2026-04-22 11:30:00+05:30,174.73,175.09,174.63,174.78,8738,174.76
2026-04-22 12:00:00+05:30,174.96,175.20,174.76,175.02,28194,174.99
2026-04-22 12:30:00+05:30,175.10,176.14,175.00,175.72,125472,175.41
2026-04-22 13:00:00+05:30,175.62,175.72,174.85,175.38,35318,175.50
2026-04-22 13:30:00+05:30,175.38,175.85,175.28,175.84,37982,175.61
2026-04-22 14:00:00+05:30,175.84,175.94,175.05,175.29,30749,175.56
2026-04-22 14:30:00+05:30,175.40,175.70,175.21,175.68,21169,175.54
2026-04-22 15:00:00+05:30,175.62,175.62,175.00,175.27,113015,175.44
2026-04-23 09:00:00+05:30,175.15,175.93,174.51,175.40,45646,175.28
2026-04-23 09:30:00+05:30,175.27,176.45,175.27,175.64,81977,175.46
2026-04-23 10:00:00+05:30,175.63,175.80,174.75,174.88,40092,175.26
2026-04-23 10:30:00+05:30,174.98,175.04,174.10,174.36,31726,174.67
2026-04-23 11:00:00+05:30,174.36,174.94,174.31,174.77,33181,174.56
2026-04-23 11:30:00+05:30,174.79,174.88,174.45,174.85,26067,174.82
2026-04-23 12:00:00+05:30,174.82,176.00,174.82,175.41,38326,175.12
2026-04-23 12:30:00+05:30,175.50,175.50,175.08,175.39,25415,175.44
2026-04-23 13:00:00+05:30,175.50,176.60,175.47,176.20,67018,175.85
2026-04-23 13:30:00+05:30,176.11,176.20,175.60,175.60,12214,175.86
2026-04-23 14:00:00+05:30,175.60,175.61,174.57,174.58,32978,175.09
2026-04-23 14:30:00+05:30,174.50,174.56,174.01,174.36,26709,174.43
2026-04-23 15:00:00+05:30,174.40,174.80,173.80,174.30,74429,174.35
2026-04-24 09:00:00+05:30,174.60,175.30,172.80,173.33,50194,173.96
2026-04-24 09:30:00+05:30,173.15,173.73,171.02,171.50,79309,172.32
2026-04-24 10:00:00+05:30,171.50,173.39,171.50,172.10,46152,171.80
2026-04-24 10:30:00+05:30,172.10,172.45,171.40,171.40,18674,171.75
2026-04-24 11:00:00+05:30,171.40,171.67,171.13,171.45,15100,171.42
2026-04-24 11:30:00+05:30,171.48,171.83,171.00,171.00,15729,171.24
2026-04-24 12:00:00+05:30,171.00,172.21,170.90,171.63,23769,171.32
2026-04-24 12:30:00+05:30,171.50,172.04,171.45,172.04,12284,171.77
2026-04-24 13:00:00+05:30,171.85,171.99,171.01,171.35,9782,171.60
2026-04-24 13:30:00+05:30,171.36,171.99,170.46,171.18,37758,171.27
2026-04-24 14:00:00+05:30,171.09,171.35,171.00,171.19,6583,171.14
2026-04-24 14:30:00+05:30,171.32,171.94,171.32,171.80,13557,171.56
2026-04-24 15:00:00+05:30,171.80,172.99,171.41,172.22,80775,172.01
2026-04-27 09:00:00+05:30,172.65,174.30,172.65,173.44,32656,173.04
2026-04-27 09:30:00+05:30,173.54,174.82,173.14,174.39,60120,173.96
2026-04-27 10:00:00+05:30,174.39,174.78,174.10,174.65,31115,174.52
2026-04-27 10:30:00+05:30,174.65,175.40,174.61,174.71,47056,174.68
2026-04-27 11:00:00+05:30,174.57,174.94,174.19,174.19,20512,174.38
2026-04-27 11:30:00+05:30,174.10,174.22,173.80,174.00,24108,174.05
2026-04-27 12:00:00+05:30,174.13,174.27,173.88,174.20,5189,174.16
2026-04-27 12:30:00+05:30,174.19,174.28,173.72,173.88,14219,174.04
2026-04-27 13:00:00+05:30,173.89,174.50,173.89,174.39,11945,174.14
2026-04-27 13:30:00+05:30,174.55,175.50,174.33,174.95,35370,174.75
2026-04-27 14:00:00+05:30,174.91,174.91,174.28,174.79,37087,174.85
2026-04-27 14:30:00+05:30,174.79,175.20,174.42,175.20,34425,175.00
2026-04-27 15:00:00+05:30,175.16,175.30,174.60,175.29,62800,175.22
2026-04-28 09:00:00+05:30,175.73,176.70,175.02,175.86,86905,175.80
2026-04-28 09:30:00+05:30,175.70,175.97,174.80,175.25,50391,175.48
2026-04-28 10:00:00+05:30,175.26,175.72,174.86,175.55,34124,175.40
2026-04-28 10:30:00+05:30,175.56,175.56,174.81,175.23,23326,175.40
2026-04-28 11:00:00+05:30,175.27,175.50,174.60,174.65,26504,174.96
2026-04-28 11:30:00+05:30,174.25,174.58,174.21,174.40,10023,174.32
2026-04-28 12:00:00+05:30,174.30,174.99,174.01,174.33,25214,174.32
2026-04-28 12:30:00+05:30,174.34,174.48,174.25,174.40,28773,174.37
2026-04-28 13:00:00+05:30,174.33,174.80,174.25,174.72,23899,174.52
2026-04-28 13:30:00+05:30,174.58,174.58,173.90,174.37,21208,174.48
2026-04-28 14:00:00+05:30,174.36,174.36,173.01,173.07,27827,173.72
2026-04-28 14:30:00+05:30,173.06,174.28,173.06,174.16,68544,173.61
2026-04-28 15:00:00+05:30,174.24,174.24,173.26,173.42,68280,173.83
2026-04-29 09:00:00+05:30,173.99,174.62,173.51,173.72,13594,173.86
2026-04-29 09:30:00+05:30,173.84,174.13,172.88,173.02,67647,173.43
2026-04-29 10:00:00+05:30,173.02,173.98,173.00,173.61,23464,173.32
2026-04-29 10:30:00+05:30,173.61,173.75,173.25,173.63,13485,173.62
2026-04-29 11:00:00+05:30,173.63,175.75,173.63,174.72,91030,174.18
2026-04-29 11:30:00+05:30,174.78,175.00,174.44,174.77,49607,174.78
2026-04-29 12:00:00+05:30,174.78,175.04,174.62,174.87,27161,174.82
2026-04-29 12:30:00+05:30,174.87,174.95,174.30,174.61,17117,174.74
2026-04-29 13:00:00+05:30,174.53,174.80,174.39,174.41,32193,174.47
2026-04-29 13:30:00+05:30,174.48,174.50,172.32,173.20,121215,173.84
2026-04-29 14:00:00+05:30,173.07,173.19,172.75,173.05,36496,173.06
2026-04-29 14:30:00+05:30,173.11,173.39,172.81,172.81,18752,172.96
2026-04-29 15:00:00+05:30,172.73,173.00,172.22,172.57,102353,172.65
2026-04-30 09:00:00+05:30,171.40,172.56,170.40,171.33,40246,171.36
2026-04-30 09:30:00+05:30,171.27,171.77,170.50,170.71,36372,170.99
2026-04-30 10:00:00+05:30,170.60,170.70,169.58,169.58,52808,170.09
2026-04-30 10:30:00+05:30,169.58,170.66,169.52,169.80,29209,169.69
2026-04-30 11:00:00+05:30,169.90,170.50,169.84,170.50,12139,170.20
2026-04-30 11:30:00+05:30,170.54,170.63,170.00,170.20,6096,170.37
2026-04-30 12:00:00+05:30,170.10,170.82,170.10,170.57,4839,170.33
2026-04-30 12:30:00+05:30,170.59,170.66,170.22,170.36,8640,170.48
2026-04-30 13:00:00+05:30,170.49,170.70,170.11,170.64,9495,170.56
2026-04-30 13:30:00+05:30,170.64,171.22,170.61,171.15,29491,170.90
2026-04-30 14:00:00+05:30,171.07,171.17,170.15,170.48,19224,170.77
2026-04-30 14:30:00+05:30,170.48,170.88,170.34,170.87,11607,170.68
2026-04-30 15:00:00+05:30,170.85,170.89,170.04,170.89,93071,170.87
2026-05-04 09:00:00+05:30,171.90,174.78,171.71,174.37,52150,173.14
2026-05-04 09:30:00+05:30,174.49,174.60,172.72,173.43,45434,173.96
2026-05-04 10:00:00+05:30,173.48,173.65,172.13,172.92,22858,173.20
2026-05-04 10:30:00+05:30,173.01,173.50,172.75,173.01,19435,173.01
2026-05-04 11:00:00+05:30,172.84,174.50,172.84,174.14,58729,173.49
2026-05-04 11:30:00+05:30,174.04,174.18,173.42,173.51,18764,173.77
2026-05-04 12:00:00+05:30,173.65,173.88,172.90,173.70,19193,173.68
2026-05-04 12:30:00+05:30,173.70,173.70,173.07,173.07,22281,173.38
2026-05-04 13:00:00+05:30,173.08,173.69,172.75,173.25,51288,173.17
2026-05-04 13:30:00+05:30,173.03,173.59,172.50,172.90,16667,172.96
2026-05-04 14:00:00+05:30,172.91,173.24,172.21,172.67,26595,172.79
2026-05-04 14:30:00+05:30,172.62,172.82,172.40,172.61,25731,172.62
2026-05-04 15:00:00+05:30,172.70,173.90,172.43,173.90,81300,173.30
2026-05-05 09:00:00+05:30,172.61,174.00,172.40,173.43,25543,173.02
2026-05-05 09:30:00+05:30,173.30,174.40,173.30,173.95,30601,173.62
2026-05-05 10:00:00+05:30,174.09,174.95,173.32,173.40,51400,173.74
2026-05-05 10:30:00+05:30,173.41,173.76,171.63,171.73,96408,172.57
2026-05-05 11:00:00+05:30,171.85,172.17,171.50,171.60,41476,171.72
2026-05-05 11:30:00+05:30,171.82,172.40,171.79,172.08,25817,171.95
2026-05-05 12:00:00+05:30,172.08,172.47,171.94,172.26,22566,172.17
2026-05-05 12:30:00+05:30,172.26,173.49,172.20,173.49,31032,172.88
2026-05-05 13:00:00+05:30,173.35,173.68,173.12,173.28,30045,173.32
2026-05-05 13:30:00+05:30,173.23,173.28,172.73,172.78,21882,173.00
2026-05-05 14:00:00+05:30,172.70,172.86,172.41,172.64,11202,172.67
2026-05-05 14:30:00+05:30,172.64,173.00,172.00,172.71,48398,172.68
2026-05-05 15:00:00+05:30,172.82,173.84,172.51,173.50,91426,173.16
2026-05-06 09:00:00+05:30,174.71,177.80,174.71,176.28,91655,175.50
2026-05-06 09:30:00+05:30,176.29,177.80,176.29,177.67,146276,176.98
2026-05-06 10:00:00+05:30,177.43,178.32,177.13,177.40,307276,177.42
2026-05-06 10:30:00+05:30,177.24,177.46,176.50,176.83,66775,177.04
2026-05-06 11:00:00+05:30,176.68,177.70,176.57,177.51,44288,177.10
2026-05-06 11:30:00+05:30,177.51,177.75,177.05,177.70,33114,177.60
2026-05-06 12:00:00+05:30,177.70,177.89,176.52,176.91,33777,177.30
2026-05-06 12:30:00+05:30,176.80,176.98,176.50,176.97,20468,176.88
2026-05-06 13:00:00+05:30,176.74,177.20,176.62,177.09,19351,176.92
2026-05-06 13:30:00+05:30,176.96,177.42,176.60,177.13,38141,177.04
2026-05-06 14:00:00+05:30,177.14,177.85,177.00,177.70,39921,177.42
2026-05-06 14:30:00+05:30,177.79,178.46,177.60,177.87,141190,177.83
2026-05-06 15:00:00+05:30,177.88,178.41,177.51,177.92,164406,177.90
2026-05-07 09:00:00+05:30,178.49,179.28,177.51,178.92,52892,178.70
2026-05-07 09:30:00+05:30,178.32,178.51,176.11,176.64,98060,177.48
2026-05-07 10:00:00+05:30,176.60,177.29,176.50,176.96,37867,176.78
2026-05-07 10:30:00+05:30,176.94,177.37,176.56,176.92,27641,176.93
2026-05-07 11:00:00+05:30,176.80,177.55,176.65,176.92,83271,176.86
2026-05-07 11:30:00+05:30,176.92,177.32,176.72,176.87,21539,176.90
2026-05-07 12:00:00+05:30,176.87,177.92,176.87,177.55,26819,177.21
2026-05-07 12:30:00+05:30,177.50,178.30,177.04,177.87,42715,177.68
2026-05-07 13:00:00+05:30,178.00,178.00,177.21,177.85,17867,177.92
2026-05-07 13:30:00+05:30,177.72,178.29,177.69,178.05,34890,177.88
2026-05-07 14:00:00+05:30,178.05,178.25,177.77,178.19,14395,178.12
2026-05-07 14:30:00+05:30,178.12,178.24,177.94,178.15,18665,178.14
2026-05-07 15:00:00+05:30,178.15,178.15,177.18,177.71,86072,177.93
2026-05-08 09:00:00+05:30,177.59,178.60,177.11,177.81,28838,177.70
2026-05-08 09:30:00+05:30,178.02,178.37,176.91,177.90,60673,177.96
2026-05-08 10:00:00+05:30,177.88,177.88,176.90,177.30,22545,177.59
2026-05-08 10:30:00+05:30,177.30,177.78,177.00,177.19,12919,177.24
2026-05-08 11:00:00+05:30,177.19,177.41,176.72,176.72,25523,176.96
2026-05-08 11:30:00+05:30,176.72,177.57,176.50,177.42,30477,177.07
2026-05-08 12:00:00+05:30,177.31,177.35,176.93,176.95,27136,177.13
2026-05-08 12:30:00+05:30,177.20,177.20,176.43,176.56,13392,176.88
2026-05-08 13:00:00+05:30,176.78,177.25,176.59,177.25,9276,177.02
2026-05-08 13:30:00+05:30,177.25,177.25,176.42,176.71,13761,176.98
2026-05-08 14:00:00+05:30,176.70,176.97,176.40,176.62,17372,176.66
2026-05-08 14:30:00+05:30,176.62,176.94,176.34,176.43,22491,176.52
2026-05-08 15:00:00+05:30,176.52,176.54,175.32,175.88,90840,176.20
2026-05-11 09:00:00+05:30,175.95,175.95,172.75,173.44,26885,174.70
2026-05-11 09:30:00+05:30,173.44,174.02,171.95,172.00,95449,172.72
2026-05-11 10:00:00+05:30,171.95,173.18,171.91,172.95,33192,172.45
2026-05-11 10:30:00+05:30,172.95,173.10,172.33,173.05,28970,173.00
2026-05-11 11:00:00+05:30,173.23,173.40,172.82,172.82,19165,173.02
2026-05-11 11:30:00+05:30,172.81,173.19,172.60,173.12,10201,172.96
2026-05-11 12:00:00+05:30,173.10,173.75,172.78,173.12,7730,173.11
2026-05-11 12:30:00+05:30,173.07,173.26,172.42,172.80,16955,172.94
2026-05-11 13:00:00+05:30,172.71,172.87,172.11,172.30,32084,172.50
2026-05-11 13:30:00+05:30,172.17,172.87,172.17,172.50,18112,172.33
2026-05-11 14:00:00+05:30,172.50,172.61,172.15,172.30,8759,172.40
2026-05-11 14:30:00+05:30,172.35,172.44,172.00,172.20,21469,172.27
2026-05-11 15:00:00+05:30,172.10,172.20,170.00,170.88,203788,171.49
2026-05-12 09:00:00+05:30,169.50,169.79,166.84,166.84,70093,168.17
2026-05-12 09:30:00+05:30,166.92,169.29,166.60,169.04,71701,167.98
2026-05-12 10:00:00+05:30,168.82,170.12,168.60,169.36,36189,169.09
2026-05-12 10:30:00+05:30,169.30,169.40,168.66,168.74,16067,169.02
2026-05-12 11:00:00+05:30,168.89,168.89,168.30,168.61,13715,168.75
2026-05-12 11:30:00+05:30,168.38,168.89,168.10,168.50,11193,168.44
2026-05-12 12:00:00+05:30,168.50,168.50,167.80,167.90,31892,168.20
2026-05-12 12:30:00+05:30,167.90,168.49,167.09,168.39,66476,168.14
2026-05-12 13:00:00+05:30,168.38,168.39,167.72,168.01,25836,168.20
2026-05-12 13:30:00+05:30,168.01,168.05,167.05,167.34,41800,167.68
2026-05-12 14:00:00+05:30,167.23,169.55,166.80,168.15,86773,167.69
2026-05-12 14:30:00+05:30,168.15,168.31,166.87,166.97,15832,167.56
2026-05-12 15:00:00+05:30,167.04,168.48,166.30,167.12,65579,167.08
2026-05-13 09:00:00+05:30,167.30,169.84,167.30,169.27,24365,168.29
2026-05-13 09:30:00+05:30,169.11,169.80,167.50,168.82,56333,168.96
2026-05-13 10:00:00+05:30,168.74,169.91,168.65,169.63,34649,169.18
2026-05-13 10:30:00+05:30,169.62,169.63,168.25,168.44,14280,169.03
2026-05-13 11:00:00+05:30,168.25,168.93,168.10,168.91,11584,168.58
2026-05-13 11:30:00+05:30,168.91,169.69,168.91,169.10,21455,169.00
2026-05-13 12:00:00+05:30,169.10,169.70,169.02,169.33,20205,169.22
2026-05-13 12:30:00+05:30,169.56,170.50,168.71,170.25,49511,169.90
2026-05-13 13:00:00+05:30,170.23,170.39,169.76,169.81,49439,170.02
2026-05-13 13:30:00+05:30,169.79,169.99,169.25,169.43,10127,169.61
2026-05-13 14:00:00+05:30,169.50,170.41,169.20,169.86,31761,169.68
2026-05-13 14:30:00+05:30,169.88,169.97,168.52,169.04,29972,169.46
2026-05-13 15:00:00+05:30,168.96,168.96,167.88,168.83,71930,168.90
2026-05-14 09:00:00+05:30,170.00,172.81,169.90,172.79,49221,171.40
2026-05-14 09:30:00+05:30,172.61,172.61,168.83,169.62,93188,171.12
2026-05-14 10:00:00+05:30,169.96,171.49,169.55,169.69,75574,169.82
2026-05-14 10:30:00+05:30,169.70,169.70,168.81,169.10,38625,169.40
2026-05-14 11:00:00+05:30,169.11,169.83,168.56,169.55,23240,169.33
2026-05-14 11:30:00+05:30,169.89,171.32,169.80,171.03,33898,170.46
2026-05-14 12:00:00+05:30,171.03,171.82,170.94,171.31,34874,171.17
2026-05-14 12:30:00+05:30,171.30,171.59,170.88,171.10,18963,171.20
2026-05-14 13:00:00+05:30,171.10,171.42,170.77,170.77,14829,170.94
2026-05-14 13:30:00+05:30,170.80,171.00,170.07,170.42,18271,170.61
2026-05-14 14:00:00+05:30,170.38,170.61,170.00,170.00,11129,170.19
2026-05-14 14:30:00+05:30,170.10,170.43,169.88,170.43,28854,170.26
2026-05-14 15:00:00+05:30,170.36,170.36,169.25,169.50,43477,169.93
2026-05-15 09:00:00+05:30,171.01,172.73,170.00,171.69,85228,171.35
2026-05-15 09:30:00+05:30,171.26,172.40,170.27,172.12,109891,171.69
2026-05-15 10:00:00+05:30,172.12,172.40,171.37,172.38,42860,172.25
2026-05-15 10:30:00+05:30,172.32,172.98,172.16,172.74,72489,172.53
2026-05-15 11:00:00+05:30,172.74,172.91,171.72,171.75,34394,172.24
2026-05-15 11:30:00+05:30,171.87,171.87,171.01,171.10,27639,171.48
2026-05-15 12:00:00+05:30,171.11,171.85,171.01,171.12,11114,171.12
2026-05-15 12:30:00+05:30,171.15,171.49,170.87,171.05,23771,171.10
2026-05-15 13:00:00+05:30,171.20,171.45,171.00,171.17,11378,171.18
2026-05-15 13:30:00+05:30,171.17,171.48,170.71,170.75,27796,170.96
2026-05-15 14:00:00+05:30,170.73,170.98,170.43,170.43,29580,170.58
2026-05-15 14:30:00+05:30,170.47,170.68,169.61,170.09,64403,170.28
2026-05-15 15:00:00+05:30,169.91,170.48,169.40,170.00,74028,169.96
2026-05-18 09:00:00+05:30,168.67,168.67,166.00,166.00,42831,167.33
2026-05-18 09:30:00+05:30,166.11,166.95,165.60,166.00,77179,166.06
2026-05-18 10:00:00+05:30,166.16,166.16,165.08,165.08,50232,165.62
2026-05-18 10:30:00+05:30,165.36,166.59,165.05,166.55,26305,165.96
2026-05-18 11:00:00+05:30,166.57,167.50,166.45,167.10,28925,166.83
2026-05-18 11:30:00+05:30,167.23,167.84,166.80,167.21,19547,167.22
2026-05-18 12:00:00+05:30,167.06,167.29,166.53,167.29,14624,167.18
2026-05-18 12:30:00+05:30,167.15,168.18,167.15,168.06,12632,167.60
2026-05-18 13:00:00+05:30,168.13,168.13,167.30,167.30,7022,167.72
2026-05-18 13:30:00+05:30,167.46,167.68,167.11,167.45,30230,167.46
2026-05-18 14:00:00+05:30,167.45,168.12,167.15,168.00,68709,167.72
2026-05-18 14:30:00+05:30,167.95,168.88,167.59,168.50,35471,168.22
2026-05-18 15:00:00+05:30,168.44,170.00,168.44,169.82,84182,169.13
2026-05-19 09:00:00+05:30,171.99,176.71,171.99,175.20,164782,173.60
2026-05-19 09:30:00+05:30,175.26,175.97,174.31,175.51,166265,175.38
2026-05-19 10:00:00+05:30,175.53,177.45,175.53,176.50,239450,176.02
2026-05-19 10:30:00+05:30,176.50,176.90,176.11,176.50,58450,176.50
2026-05-19 11:00:00+05:30,176.26,176.35,175.70,176.21,61817,176.24
2026-05-19 11:30:00+05:30,176.13,176.21,175.78,175.85,27028,175.99
2026-05-19 12:00:00+05:30,175.95,175.95,175.10,175.47,28035,175.71
2026-05-19 12:30:00+05:30,175.47,176.18,174.55,174.75,108861,175.11
2026-05-19 13:00:00+05:30,174.73,175.50,174.73,175.44,33311,175.08
2026-05-19 13:30:00+05:30,175.45,175.90,175.21,175.80,41524,175.62
2026-05-19 14:00:00+05:30,175.80,175.90,175.15,175.72,60369,175.76
2026-05-19 14:30:00+05:30,175.72,175.90,175.05,175.89,76097,175.80
2026-05-19 15:00:00+05:30,175.81,177.05,175.81,176.44,267618,176.12
2026-05-20 09:00:00+05:30,174.80,174.80,172.33,173.58,36679,174.19
2026-05-20 09:30:00+05:30,173.22,176.79,172.45,175.70,128850,174.46
2026-05-20 10:00:00+05:30,175.70,176.50,174.83,175.43,70162,175.56
2026-05-20 10:30:00+05:30,175.44,175.65,174.00,174.41,95674,174.92
2026-05-20 11:00:00+05:30,174.30,174.84,173.98,174.08,43309,174.19
2026-05-20 11:30:00+05:30,174.07,175.96,174.07,175.59,28428,174.83
2026-05-20 12:00:00+05:30,175.71,179.80,175.61,178.27,317324,176.99
2026-05-20 12:30:00+05:30,178.27,178.27,177.15,177.65,54614,177.96
2026-05-20 13:00:00+05:30,177.65,178.24,176.77,177.18,41641,177.42
2026-05-20 13:30:00+05:30,177.18,177.95,177.00,177.95,60151,177.56
2026-05-20 14:00:00+05:30,177.95,178.00,176.80,176.99,71819,177.47
2026-05-20 14:30:00+05:30,177.00,177.70,176.65,177.45,38151,177.22
2026-05-20 15:00:00+05:30,177.42,177.66,176.71,177.50,125313,177.46
